SHORT NAME, LONG NAME
#UDrgs,# URINE DRUG CONFRM
#WBCBC,#WBC'S COUNTED
%DET1,% DETECTED IN SPECIMEN 1
%DET2,% DETECTED IN SPECIMEN 2
%Hgb#1,PER CENT HGB. #1
%Hgb#2,PER CENT HGB. #2
%SAT,PERCENT SATURATION
1047L,PIK3CA  c.3140A>T(H1047L)
1047R,PIK3CA  c.3140A>G(H1047R)
11b/Gr,CD11b (ON GRANS) %
125DHy,VIT D 1;25-DIHYDROXY
12M-EIA,HSV 1 & 2 IGM AB
12PD,1;2-PROPANE DIOL
13BDG,(1;3)BETA-D-GLUCAN
16+66+,CD16+/CD66+
16-66-,CD16-/CD66-
17HpP,17 HYDROXYPROGESTERONE (PEDS)
17KETO,17 KETOSTEROIDS
17KS,17 KETOSTEROIDS
17OHP,17OH PROGESTERONE
18OHC,18-HYDROXYCORTICOSTERONE
1G-EIA,HSV-1 IGG AB
1HrBld,1 HOUR BLOOD
1HrUr,GLUCOSE 1.0 HR (UA)
1M-EIA,HSV-1 IGM AB
1PlvAb,TYPE  1 POLIOVIRUS AB
2+/3-#,CD2(CD3-)/CD45 #/CUMM
2+/3-%,CD2(CD3-)/CD45 %
25DRIA,VITAMIN D 25-OH (RIA)
25DTot,25-HYDROXY D TOTAL
25HyD2,25-HYDROXY D2
25HyD3,25-HYDROXY D3
2G-EIA,HSV-2 IGG AB
2HrBld,2 HOUR BLOOD
2HrUr,GLUCOSE 2.0 HR (UA)
2K3M,2-KETO-3-METHYLVALERIC ACID
2KIC,2-KETOISOCAPROIC ACID
2KIV,2-KETOISOVALERIC ACID
2M-EIA,HSV-2 IGM AB
2OHEt,2-OH-ETHYLFLURAZEPAM (co 10ng/g)
2PlvAb,TYPE 2 POLIOVIRUS AB
38/19,CD38/19
3HrBld,3 HOUR BLOOD
3HrUr,GLUCOSE 3.0 HR (UA)
3OHB,3-OH-BUTYRIC ACID
3OHCot,3-OH-COTININE
3OHCot,3-OH-COTININE SERUM/PLASMA
3PlvAb,TYPE 3 POLIOVIRUS AB
5-HIAA,5-HIAA (MG/G CREAT)
56+16#,CD16+56 #/CUMM
56+16%,CD16+56 (NK) %
5HIAAI,5HIAA Interpretation
5HIAAc,5HIAA mg/g Creat
5HIAAd,5HIAA mg/Day
5HIAAl,5HIAA mg/L
626AC,GNAQ c.626A>C(Q209P)
6Acetm,6-ACETYLMORPHINE (co 4ng/g)
7AmFln,7-AMINO FLUNITRAZEPAM
7Amclo,7-AMINOCLONAZEPAM (co 5ng/g)
7Amflu,7-AMINOFLUNITRAZEPAM (co 5ng/g)
8M,EIGHT DRUG MIC
A+N,AMITRIP + NORTRIP
A-1-A,ALPHA-1-ANTITRYPSIN BLD
A-1Gg/,ALPHA-1 GLOBULIN
A-1Gl%,ALPHA-1 GLOBULIN %
A-2Gg/,ALPHA-2 GLOBULIN
A-2Gl%,ALPHA-2 GLOBULIN %
A-ABA,AMINOBUTYRIC ACID
A-C3D,ANTI C3D
A-DNAC,ANTI-DNA CRITHIDIA
A-IgG,ANTI IGG
A-Rs1,SAMPLE A RESULT 1
A-Rs2,SAMPLE A RESULT 2
A-Rs3,SAMPLE A RESULT 3
A-Rs4,SAMPLE A RESULT 4
A-Scrn,SCREEN (SERUM ACETONE)
A-Subu,ALPHA SUBUNIT
A-Titr,TITER (SERUM ACETONE)
A/BFlo,ALPHA/BETA FLOW
A/CRat,ALBUMIN/CREAT RATIO
A1-Ant,ALPHA-1-ANTITRYPSIN STOOL
A146PM,KRAS c.436G>C(A146P)
A146TM,KRAS c.436G>A(A146T)
A146VM,KRAS c.437C>T(A146V)
A1APhe,ALPHA-1-ANTITRIP PHENOTYP
A1Anti,ALPHA -1-ANTITRIPSIN
A1GL,ALPHA-1 GLOBULIN G/DL
A2GL,ALPHA-2 GLOBULIN
AA-SC,SPECIMEN COMMENT
ABA,ABACAVIR
ABCDNA,HLA A;B;C BY DNA
ABCOIN,ABN PT/PTT INTERP
ABG,ARTERIAL BLOOD GASES
ABG,ABG
ABNLY,ABNORMAL LYMPH
ABNLYA,ABNORMAL LYMPH (ABS)
ABNORM,ABNORMAL LYMPH
ABO,ABO
ACAIgA,APA-IGA
ACAIgG,APA-IGG
ACAIgM,APA-IGM
ACAN,ACANTHOCYTES
ACEA,ACETOACETIC ACID
ACEcsf,ANGIOTENSIN CONV ENZ CSF
ACHBlk,ACHR BLOCKING AB
ACHRBd,ACHR BINDING ABS
ACTH,ADRENOCORTICOTROPIC HORM
AChRGn,AChR GANG NEURONAL AB
ADAINT,ADAMTS 13 INTERPRETATION
ADENV,ADENOVIRUS
ADH,ANTIDIURETIC HORMONE
ADNAT,TITER/ANTI-DNA
ADP,ADP
ADRAb,ADRENAL AUTOANTIBODIES
ADif,AGAR DIFFUSION MIC
ADnab,ANTI DNASE B
AFBAC,CULT AFB BLOOD ADULT
AFC,ASCITIC FLUID CYTO
AFCSC,CULT AFB CSF
AFMsC,CULT AFB MISCELLAN
AFNOCB,ASCITIC FLD NO CB
AFP,ALPHA-FETO PROT. BLD
AFP-Ob,MATERNAL ALPHAFETO PR0
AFPCon,ALPHA-FETO PROTEIN FLUID
AFPINT,AFP AMNIOTIC FLD INTERPRETATION
AFPINT,AFP TUMOR INTERPRETATION
AFPTum,AFP TUMOR
AFSpC,CULT AFB SPUTUM
AFStn,STAIN AFB MYCOBACT
AFum1,A. FUMIGATUS #1
AFum6,A. FUMIGATUS #6
AGGL,AGGLUTINATED RBCS
AGNA-1,ANTI-GLIAL NEUCLEAR AB TYP-1
AHetPr,ANTI-HETEROLOGOUS PROTEIN
ALBM,ALBUMIN G/DL
ALLEL1,CFTR ALLELE 1
ALLEL2,CFTR ALLELE 2
ALPHA,ALPHA-OH-ALPRAZOLAM
ALPR,ALPRAZOLAM/METABOLITE
AMATit,ANTI-MITOCHONDRIAL TITER
AMAab,AntiMitochondrialAb
AMH,ANTI-MULLERIAN HORMONE
AMIC,ANTIBIOTIC (#1)
AMIC2,ANTIBIOTIC (#2)
AMIC3,ANTIBIOTIC (#3)
AMLCmt,AML COMMENT
AMLMth,AML METHOD
AMP,AMPRENAVIR
AMPH,AMPHETAMINE
AMTSBH,AMOUNT SAMPLE  HELD
AN-GAP,ANION GAP
ANA,ANTINUCLEAR AB
ANA-T,ANA TITER
ANAPtn,ANA PATTERN
ANASc,ANTINUCLEAR AB SURVEY
ANCA,ANCA SCREEN
ANCATi,ANCA TITER
ANCAW/,ANCA(VASCULITIS/WEG)
ANCIgG,ANTI-NEUTROPHIL CYTO AB IGG
ANGL,ANGLE(ALPHA)
ANIS,ANISOCYTOSIS
ANNA-1,ANTI-NEURON NUC AB-TYPE 1
ANNA-2,ANTI-NEURON NUC AB-TYPE 2
ANNA-3,ANNA Type-3
ANPcom,COMMENT :
APBone,ALKALINE PHOS BONE
APOA1,APO E ALLELE 1
APOA2,APO E ALLELE 2
APOGI,APO E INTERPRETATION
APTT,PARTIAL THROMBOPLASTIN
APtase,ACID PHOSPHATASE TOTAL
ARMAb,ACHR MODULATING AUTOABS
ARefR,AMIK REFERENCE RANGE
ASO,ANTISTREPTOLYSIN O
ASPId,ASPERGILLUS AB BY ID
ASmoth,SMOOTH MUSCLE AUTOABS
AT3,ANTITHROMBIN III ACT
AT7Del,ALPHA THAL (BHA1 & HBA2) 7 DEL
ATAZNV,ATAZANAVIR
ATS13A,ADAMTS 13 ACTIVITY
ATSGG,ATS IGG
ATSGM,ATS IGM
AThyP,ANTI THYROID PEROXAB
AThyg,ANTI THYROGLOBULIN
Ab-ID,ANTIBODY ID
Ab-RNP,RNP (ENA); AB IgG
Ab-Scr,ANTIBODY SCREEN
AbCmt,HTLV EXPLANATION
AbExpl,CMV EXPLANATION
AccC,ACCESSION COMMENT(S)
Acet1,ACETAMINOPHEN
AcetMt,ACETAMINOPHEN METABS
AcetS,ACETAMINOPHEN SERUM
Aceto,ACETONE SERUM
Aceton,ACETONE
ActRAb,ACETYLCHOL RECEPT AB
Acthxm,ACETOHEXAMIDE
AcutD1,ACUTE DATE
AcylCa,ACYLCARNITINE PROFILE
AddCom,ADDITIONAL COMMENTS
Adnvir,ADENOVIRUS FA
AdvPCR,ADENOVIRUS DNA PCR
Afumig,A. fumigatus IgE
Afumig,A. FUMIGATUS
Al-CSF,ALBUMIN CSF
Al-Ser,ALBUMIN SERUM
AlExRt,ALBUMIN EXCR RATE
AlMpSc,ALLOMAP SCORE
AlOHAl,ALPHA-OH-ALPRAZOLAM (co 5ng/g)
AlOHMi,ALPHA-OH-MIDAZOLAM (co 5ng/g)
AlOHTr,ALPHA-OH-TRIAZOLAM (co 5ng/g)
Alanin,ALANINE
Alb,ALBUMIN BLOOD
Alb-BF,ALBUMIN BODY FLUID
Alb/Cr,ALBUMIN/CREAT RATIO
AlbCSF,ALBUMIN
AlbCnc,ALBUMIN URINE
AlbCon,ALBUMIN CONC.
AlbCre,ALBUMIN/CREAT RATIO
AlbER,ALBUMIN EXCRETION RATE
AlbEx,ALBUMIN EXCR. RATE
AlbUr,ALBUMIN; URINE
Album,ALBUMIN
Album%,ALBUMIN %
Ald/Rn,ALDOSTERONE/RENIN RATIO
Aldo-P,ALDOSTERONE
Aldola,ALDOLASE
Algc,ALDOSTERONE/G CREAT
AlkOth,ALK PHOS OTHER
AlkP,ALKALINE PHOSPHATASE BLD
AlkPBo,ALK PHOS BONE
AlkPIn,ALK PHOS INTESTINE
AlkPLi,ALK PHOS LIVER
AlkPTo,ALK PHOS TOTAL
AlkPhB,ALK PHOS BONE
AlkPhI,ALK PHOS INTESTINAL
AlkPhL,ALK PHOS LIVER
AlkPho,ALK PHOS TOTAL
Almond,ALMOND IgE
Alph1,ALPHA-1; URINE
Alph2,ALPHA-2; URINE
Alpraz,ALPRAZOLAM (co 5ng/g)
Alum,ALUMINUM SERUM
AmACSF,AMINO ACID CSF
AmAcP,AMINO ACID PLASMA
AmAcU,AMINO ACID URINE
Amcl,AMPI/B LACT INHIB
Ami-S,AMITRIPTYLINE
Amik2,AMIKACIN LEVEL
Amika,AMIKACIN
Amitri,AMITRIPTYLINE
Amm,AMMONIA
AmpCon,AMPHETAMINES CONF
AmphCl,AMPHETAMINE CLASS (SCREEN)
AmphSc,AMPHETAMINE (SCREEN)
Amphet,AMPHETAMINE (co 8ng/g)
Amphip,AMPHIPHYSIN ANTIBODY
Amphtm,AMPHETAMINE
Ampi,AMPICILLIN
AmrCck,COCKROACH; AMERICAN IgE
AmySal,SALIVARY AMYLASE
Amyl,AMYLASE BLOOD
Anabas,ANABASINE
AncCmt,COMMENT
Andros,ANDROSTENEDIONE
AngioC,ANGIOTENSIN CONVERT ENZYM
Aniso,ANISOCYTOSIS
AntDNA,ANTI-DNA(SLE)Current
AntiSO,ANTISTREPTOLYSIN O
Apo-A1,APOLIPOPROTEIN A-1
Apo-B,APOLIPOPROTEIN B
ApoB/A,APOLIPOPROTEIN B/A RATIO
ApoEDN,APO E DNA ANALYSIS
Apple,APPLE IgE
Aqu4aB,AQUAPORIN-4 RECEPTOR AB
ArInor,ARSENIC INORGANIC
ArMeth,ARSENIC METHYLATED
Arac,ARACHIDONIC ACID
Argine,ARGININE
ArsGCr,ARSENIC URINE ug/gCrt
ArsOrg,ARSENIC ORGANIC
Arseni,ARSENIC WHOLE BLOOD
ArsugL,ARSENIC URINE ug/L
AspAcd,ASPARTIC ACID
AspAg,ASPERGILLUS ANTIGEN
AspGAg,ASPERGILLUS GALACTOMANNAN Ag
AspIdx,ASPERGILLUS INDEX
Asprgl,ASPERGILLUS ABS
Asprgn,ASPARAGINE
Atb,ANTIBIOTIC
AtyLBC,ATYP LYMPHS%
AtyLym,ATYP LYMPHS %
AurPul,AUREOB. PULLULANS IgE
AutoNt,NT AUTOMATED %
AutoXM,CROSSMATCH AUTO
Aztre,AZTREONAM
B&T-LL,FlowTyping Lymph/Leu
B&TTxB,B&T TRANSPL BASELINE
B&TTy,B&T SUBSET TYPING
B-ABO,BABY'S ABO
B-DAT,BABY'S DIRECT COOMBS
B-DU,BABY'S DU
B-HCG,MATERNAL B-HCG
B-OH-B,BETA-HYDROXYBUTYRATE
B-RH,BABY'S RH
B2ABCR,BCRABL COPIES DETECTED
B2Mcg,BETA-2-MICROGLOBULIN
B2met,BCL2 METHOD
B5701G,HLA-B 5701 GENOTYPING
BAP190,BCR-ABL P190 RF
BARB,BARBITURATES (SCREEN)
BASOA,BASO (ABS)
BASOAB,BASO (ABS)
BASOM,BASOPHILS %
BASORE,BASOPHILS %
BAST,BASOPHILIC STIPPLING
BATot,BILE ACID TOTAL
BAbs,BASO (ABS)
BBAB,B. BURGDORFERI AB
BBC,BRONCH BRUSH CYTO
BBTAb,TOTAL Ab BORELIA BURGDORF
BCBCR,BCL2 MCR
BCIDAL,BACTERICIDAL TITER
BCL-1,BCL-1
BCL2RR,BCL-2 GENE REARRANGE
BCMBR,BCL2 MBR
BCRABL,BCR-ABL
BCRAIn,BCR-ABL INTERPRETATION
BCRCM,BCRABL COMMENT
BCRMT,BCRABL METHOD
BCRRAT,BCRABL/BCR RATIO
BDGInt,(1;3)BETA-D-GLUCAN INTERP
BEAR,BASE EXCESS ARTERIAL
BECrd,BASE EXCESS CORD GAS
BEVN,BASE EXCESS VENOUS
BFCt/D,BODY FLUID MISC
BFSRC,SOURCE
BGL,BETA GLOBULIN G/DL
BGPIgG,IgG BETA 2 GLYCOPROTEIN I
BGPIgM,IgM BETA 2 GLYCOPROTEIN I
BHIGG,B. HENSELAE IGG
BHIGM,B. HENSELAE IGM
BKVir,BK VIRUS; QUANTITATIVE
BLKID,AP BLOCK NUMBER
BMBNbl,BASO NORMOBLASTS
BMBaso,BASOPHILS
BMBlst,BLASTS
BMEMmy,ESO METAMYELOCYTE
BMEMye,EOS MYELOCYTE
BMEos,EOSINOPHILS
BMInt,INTERP BONE MARROW
BMLymp,LYMPHOCYTES
BMMacr,MACROPHAGES
BMMito,MITOTIC FIGURES
BMMono,MONOCYTES
BMNMye,NEUTRO MYELOCYTE
BMNeut,NEUTROPHILS
BMNtMy,NEUTRO MYELOCYTE
BMONbl,ORTHO NORMOBLASTS
BMPlas,PLASMA CELLS
BMPmon,PROMONOCYTES
BMPnbl,POLYCHROM NORMOBLASTS
BMPro,PROMYELOCYTES
BMPron,PRONORMABLASTS
BMSP#,SURG PATH #
BMUncl,UNCLASSIFIED CELLS
BNP,BRAIN NATRIURETIC PEPTIDE
BNeu,BAND NEUTROPHILS
BP-IgA,B. PERTUSSIS IGA
BP-IgG,B. PERTUSSIS IGG
BP-IgM,B. PERTUSSIS IGM
BPGA,B. PERTUSSIS IgA IMMUNOBLOT
BQLDL,BETA QUANT LDL CHOL
BSC,BREAST SMEAR CYTO
BT,BLEEDING TIME
BTFPF,NOTE:
BUN,UREA NITROGEN BLOOD
BV600,BRAFc.1799_1800TG>AA
BWC,BRONCH WASH CYTO
Bac,BACITRACIN
Barb,BARBITURATES (SCREEN)
Barley,BARLEY POLLEN; CULT IGE
BasMem,SKIN AUTOABS BASEMENT MEMBRANE
BasMet,BASIC METABOLIC PANEL
Baso,BASOPHILS %
BasoBC,BASOPHILS %
BeGlg/,BETA GLOBULIN
BeHCG,BETA-HCG SERUM
Beef,BEEF IgE
Beg-U,BENZOYLECGONINE
BegCon,BEG CONFIRMATION
BenCon,BENZODIAZEPINES CONF
BenSCn,BENZODIAZEPINES CONF
Benz,BENZODIAZEPINES (SCREEN)
Benzoy,BENZOYLECGONINE (co 8ng/g)
BermGr,BERMUDA GRASS IgE
BetGl%,BETA GLOBULIN %
BetHCG,BETA HCG
BetaUr,BETA; URINE
BilAcd,CHOLYGLYCINE
BilNeo,BILIRUBIN NEONATAL
Bind,ACHR BINDING AUTOABS
BioDef,BIOTINIDASE DEFICIENCY
BioNor,BIOTINIDASE NORMAL
Biotds,BIOTINIDASE RESULT
Biotin,BIOTINIDASE
Birch,BIRCH TREE IgE
BlAC&S,CULT BACT BLOOD ADLT
BlasAg,BLASTOMYCES ANTIGEN EIA
BlasBC,BLAST CELLS %
Blasto,BLASTOMYCES ABS
Blasts,BLAST CELLS %
BntGrs,BENT GRASS IgE
Bnzodi,BENZODIAZEPINE
BocVir,BOCAVIRUS
BorPCR,BORRELIA SPECIES  BY PCR
BpGImb,B. PERTUSSIS IgG IMMUNOBLOT
Brbitu,BARBITURATE
BrtHen,BARTONELLA HENSELAE
Bru-Ab,BRUCELLA ANTIBODY
BrzNut,BRAZIL NUT IgE
BtlRec,BOTTLES RECEIVED
BuprGl,BUPRENORPHINE GLUCURONIDE; UR
Bupren,BUPRENORPHINE; UR
Bupren,BUPRENORPHINE (co 2ng/g)
Bupren,BUPRENORPHINE (SCREEN)
Buprn,BUPRENORPHINE-G (co 8ng/g)
Butal,BUTALBITAL (co 75ng/g)
C-229E,CORONAVIRUS 229E
C-BE,BASE EXCESS CAPILLARY
C-G/A,IGG/ALBUMIN CSF RATIO
C-Gluc,GLUCOSE SPINAL FLUID
C-HCO3,BICARBONATE (CALC)
C-HDL,CHOLESTEROL/HDL RAT.
C-HKU1,CORONAVIRUS HKU1
C-IDF,COMMENT FLOW IMMUNODEF/TX
C-Lac,LACTATE SPINAL FLD
C-MBP,MYELIN BASIC PROTEIN CSF
C-NL63,CORONAVIRUS NL63
C-OC43,CORONAVIRUS OC43
C-Olig,OLIGOCLONAL IG-CSF
C-ToxG,TOXOPLASMA IGG ABS CSF
C-VDRL,VDRL BODY FLUID
C-pCO2,PCO2 CAPILLARY
C-pH,PH CAPILLARY
C1-EFx,C1 INHIBITOR FUNCTIONAL
C1EIh,C1 ESTERASE INHIB
C1Elh,C1 INHIBITOR QUANTITATIVE
C22TFA,C22% TOTAL FATTY ACID
C3,C3 QUANTITATIVE BLOOD
C4,C4 QUANTITATIVE
C48P,CD4/CD8  w/CBC
C4Quan,C4 QUANTITATIVE BLOOD
C8,C8
CA-125,CANCER ANTIGEN 125
CA-153,CANCER ANTIGEN 15-3
CA-EC,CALCIUM IONIZED ECMO
CA19-9,CANCER ANTIGEN 19-9
CA2729,CANCER ANTIGEN 27.29
CABS,CYTOTOXIC AB SCREEN
CABSc,CYTOTOXIC AB SCREEN
CABScS,CYTOTOXIC AB SCREEN STAT
CAH-17,17OH PROGESTERONE
CAH-An,ANDROSTENEDIONE
CAH-Co,CORTISOL
CAH-DC,DEOXYCORTICOSTERONE
CAH-DX,DEOXYCORTISOL
CAH-Te,TESTOSTERONE
CALTO,CALLED TO
CARSPT,CARNITINE DRIED; BLD SPOT
CAppr,GROSS APPEARANCE
CBAF,CELL BLK ASCITIC FLD
CBBW,CELL BLK BRONCH WASH
CBC,COMPLETE BLOOD COUNT
CBCPDf,CBC/PLT/DIFF
CBCPlt,CBC WITH PLATELET
CBCY,CELL BLK CYTO
CBPF,CELL BLK PLEURAL FLD
CBS,CELL BLOCK SITE
CBY,CONSULTATION BY:
CBaso,BASOPHILS
CBil,BILIRUBIN CONJUGATED
CBlsts,BLASTS
CC100,CYTO CONSULT 100
CC50,CYTO CONSULT 50
CC75,CYTO CONSULT 75
CCPG,CYCLIC CITRUL PEP IGG
CD10,CD10 (19+)
CD10FC,CD10 CALLA; B
CD117,CD117
CD11CF,CD11c
CD11bF,CD11B (CR3-ON PMNS)
CD13FC,CD13 MYELO-MONO
CD14%,CD14 (MONOCYTE)
CD14FC,CD14 MONOCYTE
CD16FC,CD16 FC-IGG
CD19%,PAN B CD19 %
CD19-#,CD19 #/CUMM
CD19FC,CD19 PAN B
CD2-FC,CD2 PAN T
CD20FC,CD20 PAN B
CD22,CD22
CD23FC,CD23
CD3#,CD3 #/CUMM
CD3%,PAN T CD3 %
CD3-DR,CD3+HLA-DR
CD3-FC,CD3 PAN T
CD3/2#,CD3(CD2+)/CD45 #/CUMM
CD3/2%,CD3(CD2+)/CD45 %
CD30FC,CD30 (KI-1)
CD33FC,CD33 MYELO-MONO
CD33T,CD33 (TOTAL)
CD34#,CD34+ TOTAL #/CUMM
CD34%,CD34+
CD34FC,CD34 PROGENITOR
CD34T,CD34 (TOTAL)
CD38PC,CD38 (BRIGHT)
CD4#,T HELPER CD4 #/CUMM
CD4%,T HELPER CD4 %
CD4-FC,CD4
CD4/3#,CD4(CD3+)/CD45 #/CUMM
CD4/3%,CD4(CD3+)/CD45 %
CD4/8,RATIO CD4/CD8(CD3+)
CD45%,CD45 (LEUKOCYTE)
CD45FC,CD45 LEUKOCYTE
CD4As,Absolute CD4
CD4per,% CD4
CD5,CD5 (19+)
CD5-FC,CD5 PAN T
CD56FC,CD56 NK
CD57FC,CD57 NK
CD61FC,CD61 (MEGAKARYOCYTE)
CD64,CD64
CD7-FC,CD7 PAN T
CD79,CD79
CD8-FC,CD8
CD8/3#,CD8(CD3+)/CD45 #/CUMM
CD8/3%,CD8(CD3+)/CD45 %
CD83#,CD8(CD3+)/CD45 #/MM3
CD83%,CD8 (CD3+) / CD45 %
CDifAg,ANTIGEN C. DIFFICILE
CEA,CARCINOEMBRYONIC ANTIGEN
CEAInt,CEA INTERPRETATION
CEBPA,CEBPA MUTATION
CELL#,NUMBER OF CELLS
CEosin,EOSINOPHILS
CFCt/D,BODY FLUID CSF
CFUCre,CORTISOL ug/g crt
CH-DHE,DHEA
CH-Prg,17OH PREGNENOLONE
CH-Pst,PROGESTERONE
CH50,CH50 BLOOD
CITA,CITRIC ACID
CK1Mac,CK Macro Type I
CK2Mac,CK Macro Type II
CKMB-B,CK-MB BATTERY
CKMBRe,CK-MB
CLON,CLONAZEPAM/METABOLITE
CLgOth,LARGE CELL/OTHER
CLym,CLEAVED LYMPH
CLymph,LYMPHS %
CMGEIA,CMV IgG EIA INDEX
CMGIFA,CMV IgG IFA RESULT
CMMExp,CMV IGM EXPLANATION
CMMIFA,CMV IGM IFA RESULT
CMSorc,SOURCE
CMV-Ag,CMV ANTIGEN DETECT
CMVAgE,CMV ANTIGENEMIA EXPLN
CMVAgR,CMV ANTIGENEMIA RSLT
CMVCAg,CMV CULT/Ag BLOOD @
CMVExp,EXPLANATION
CMVFRs,FINAL RESULT
CMVFin,CMV CULT BLD FINAL
CMVG-M,CMV AB IGG AND IGM
CMVPCR,CMV DNA PCR
CMVPRs,PRELIMINARY RESULT
CMVPos,CMV POS CELLS/200K
CMVPre,CMV CULT BLD PRELIM
CMVQNT,CMV QUANTIFICATION
CMVR,CMV ANTIGEN RESULT
CMVSrc,SOURCE
CMeta,METAMYELOCYTES
CMncl%,MONONUCL CELLS (%)
CMonMc,MONO/MACROPHAGE
CMoncl,MONONUCLEAR CELLS
CMyelo,MYELOCYTES
CNRBC,NRBC'S
CNeut,NEUTROPHILS
CNucCl,NUCLEATED CELL
CO2,CARBON DIOXIDE BLOOD
COAGIN,COAGULATION INTERP
COCA,COCAINE METAB (SCREEN)
COCAg,COCCIDIOIDES ANTIGEN
CODE,CODEINE
COLMET,SNAPSHOT COLON METHOD
COMSBH,COMMENT SAMPLE HELD
COXB1,COXSACKIE B TYPE 1
COXB2,COXSACKIE B TYPE 2
COXB3,COXSACKIE B TYPE 3
COXB4,COXSACKIE B TYPE 4
COXB5,COXSACKIE B TYPE 5
COXB6,COXSACKIE B TYPE 6
CPK,CK BLOOD
CPKTot,CREATINE KINASE TOTAL
CPepti,C-PEPTIDE
CPlaCl,PLASMA CELLS
CPmylo,PROMYELOCYTES
CProt1,PROTEIN CSF
CQ61M,KRAS c.183A>C(Q61H)
CR-Day,CREATININE URINE PER DAY
CRBC,RBC
CRE,CREATININE
CREATC,CREATININE CLEARANCE
CRMP-5,CRMP-R IgG
CRP,C-REACTIVE PROTEIN
CRTCLR,CREAT CLEAR UNCORRECTED
CS37F,CTTNB1c.110C>T(S37F)
CS37Y,CTTNB1c.110C>A(S37Y)
CS45F,CTTNB1c.134C>T(S45F)
CS45P,CTTNB1c.133T>C(S45P)
CS45T,CTTNB1c.133T>A(S45T)
CS45Y,CTTNB1c.134C>A(S45Y)
CSC,CERVIX SMEAR CYTO
CSC&S,CULT BACT CSF
CSE,CERVIX SMEAR EVAL
CSFC,CSF CYTO
CSFDTE,DATE RECEIVED
CSFcmt,CSF COMMENT
CSITE,CYST SITE
CSeg,SEGMENTED CELLS
CSeg%,SEG. CELLS (%)
CSpnAp,SPUN APPEARANCE
CTCSou,CTCL SOURCE
CTo#Cl,TOTAL # CELLS
CTrPCR,C. TRACHOMATIS DNA
CTy-Tb,TYPE FLUID/TUBE #
CUF,CORTISOL URINE FREE
CUPNL,CU INDEX PANEL
CVC,CERVIX/VAGINAL CYTO
CVLgCl,VERY LARGE CELLS
CWBC,WBC (/CU MM)
CYPER,CSF CYTOLOGY PERFORMED
CYT-ST,Cytogenetics Studies
Ca,CALCIUM BLOOD
Ca/Alb,CALCIUM/ALBUMIN RAT.
Ca24Hr,CALCIUM MG/24 HOUR
CaChN,CA CHANNEL BIND AB N-TYPE
CaChPQ,CA CHANNEL BIND AB P/Q
CaIo,CALCIUM IONIZED
CalDes,CALCULI DESCRIPTION
CalNum,CALCULI NUMBER
CalSiz,CALCULI SIZE
Calcit,CALCITONIN
Calcul,CALCULUS (CALC)
Calpro,CALPROTECTIN FECAL
CanAlb,CANDIDA ALBICANS IgE
Cannab,CANNABINOIDS (SCREEN)
Carb%F,CARBAMAZEPINE % FREE
CarbFr,CARBAMAZEPINE FREE
CarbTo,CARBAMAZEPINE TOTAL
Carnit,FREE CARNITINE
Cashew,CASHEW IgE
CatDnd,CAT DANDER IgE
Catfsh,CATFISH IgE
CatgCr,CATECHOLAMINES UR/G CREAT
Caz,CEFTAZIDIME
CbzM-U,CARBAMAZEPINE METABS
Ccyc-U,CHLORCYCLIZINE
CdfAmp,C. DIFFICILE DNA AMPLIFICATION
CdfInt,C. DIFFICILE DNA AMP INTERP
CelGen,CELIAC GENETICS
CelPlu,CELIAC PLUS
CelSrl,CELIAC SEROLOGY
Celery,CELERY IgE
CenIgG,CENTROMERE IGG ANTIBODY
Ceph,CEPHALOTHIN
Cerul,CERULOPLASMIN BLOOD
Ch1520,CHROMOSOME COUNT 15-20
Ch25,CHEMISTRY 25 MAL
ChBld,CHROMOSOME BLOOD
ChBoMa,CHROM CULT BONE MARROW
ChCBM,CHROMO CULT BONE MAR
ChFish,CHROMOSOME FISH
ChGCPr,CHLAMYDIA/GC DIRECT PROBE
ChLymp,CHROM CULT LYMPHOCYTE
ChMiA,CHROMOSOME MICROARRAY
ChPrc,CHLAMYDIA PROBE CONFIRM
ChProb,CHLAMYDIA PROBE
ChSTis,CHROM CULT SOLID TISSUE
Chem12,CHEMISTRY 12 PROFILE
Chem16,CHEMISTRY-16 PED
Chem3,CHEM 3 RESP
Chem6,CHEMISTRY 6 PROFILE
Chem7,CHEMISTRY 7
Chickn,CHICKEN IgE
ChlAcd,CHOLIC ACID
Chlprm,CHLORPROPAMIDE
ChnDxy,CHENODEOXYCHOLIC ACID
ChoRBC,CHOLINESTERASE RBC
Chol,CHOLESTEROL BLOOD
Cholin,CHOLINESTERASE RBC
ChromA,CHROMOGRANIN-A
Cip,CIPROFLOXACIN
CitraU,CITRATE; URINE
Citrln,CITRULLINE
Ck1-BB,CK1-BB
Cl,CHLORIDE BLOOD
Cl-WB,CHLORIDE WHOLE BLOOD
ClSort,CELL SORTING
ClSwt,SWEAT CHLORIDE
ClTime,COLLECTION TIME
Clin,CLINDAMYCIN
Clonaz,CLONAZEPAM
Clonzp,CLONAZEPAM (co 5ng/g)
Clor,CHLORAMPHENICOL
CmpMet,COMP METABOLIC PANEL
CoHgb,CARBOXYHEMOGLOBIN
Coc-U,COCAINE
CocMet,COCAINE METAB SCR
Cocaet,COCAETHYLENE (co 8ng/g)
Cocain,COCAINE (co 8ng/g)
Cocain,COCAINE
CocnMt,COCAINE METABOLITE
Cocont,COCONUT IgE
Cod-U,CODEINE
CodFsh,CODFISH IgE
Codein,CODEINE (co 6ng/g)
Col/ADP,COLLAGEN/ADP
Col/Epi,COLLAGEN/EPI
ColAgg,COLD AGGLUTIN TITER
ColCt1,COLONY COUNT ISO. 1
ColCt2,COLONY COUNT ISO. 2
ColCt3,COLONY COUNT ISO. 3
ColDt,COLLECTION DATE
ColTm,COLLECTION TIME
Coll,COLLAGEN
ComKRS,KRAS COMMENTS
Commen,COMMENT
Commnt,COMMENT
Commts,COMMENTS:
Comnt1,ABOVE TEST COMMENT
Comnt2,ABOVE TEST COMMENT
Comp#,COMPARISON #
Comp2,C2 COMPLEMENT PROTEIN
ConBil,BILIRUBIN CONJ BLD
ConFm,GC/MS METHADONE CONFIRM
ConPpx,GC/MS PROPOXYPHENE CONF
Conf1,CONFIRMED RESULT 1
Conf2,CONFIRMED RESULT 2
Conf3,CONFIRMED RESULT 3
Conf4,CONFIRMED RESULT 4
Conf5,CONFIRMED RESULT 5
ConfA,GC/MS AMPHETAMINE CONFIRM
ConfAc,MISC ACID DRUG CONFIRM
ConfB,GC/MS BARBITURATE CONFIRM
ConfBZ,GC/MS BENZODIAZAPINE CONFM
ConfBs,MISC BASIC DRUG CONFIRM
ConfO,GC/MS OPIATE CONFIRM
ConfPH,GC/MS PHENOTHIAZINE CONF
ConfT,GC/MS TCA CONFIRM
Copper,COPPER SERUM
Copr,COPROPORPHYRINS
Copr3,COPROPORPHYRIN III
CoprI,COPROPORPHYRIN I
Coprop,COPROPORPHYRIN
CorInt,CORTISOL; URINE INTERPRETATION
CorUF,CORTISOL URINE FREE
Corn,CORN IgE
CoronV,CORONAVIRUS
Cort-S,CORTISOL
Cotin,COTININE
CpUrCr,COPPER URINE PER gCrt
CppUr,COPPER URINE
Cpre,CURRENT PREGNANCY
Cpz-U,CHLORPROMAZINE
Cr24Hr,CREATININE G/24 HOUR
CrUr,CREATININE CONC URINE
Crab,CRAB IgE
CrdIgA,CARDIOLIPIN IgA
CrdIgG,CARDIOLIPIN IgG
CrdIgM,CARDIOLIPIN IgM
CrePOC,POC CREATININE
Creat,CREATININE BLOOD
Creat1,CREATININE URINE
Creat5,CREATININE;URINE
Creatn,CREATININE;URINE
Cro,CEFTRIAXONE
CrspSt,STAIN CRYPTOSPORIDIA
CryAg,ANTIGEN CRYPTOCOCCUS
CryCSF,CRYPTOCOCCUS AG CSF EIA
CrySer,CRYPTOCOCCUS AG SERUM EIA
Cryo%,CRYOGLOBULIN QUANTITATION
CryoEv,CRYOGLOBULIN EVALUATION
CrypAg,CRYPTOSPORIDIUM ANTIGEN
Ctax,CEFOTAXIME
Ctnwd,COTTONWOOD TREE IgE
Ctt,CEFOTETAN
CulDt,CULTURE DATE
CulExp,CULTURE EXPLANATION
Curvul,CURVULARIA LUNATA IgE
Cxm,CEFUROXIME
Cyclo,CYCLOSPORIN BLOOD
Cyst-C,CYSTATIN-C
Cystne,CYSTINE
Cyto,CYTOTOX AB SC (STAT)
D25OHT,VITAMIN D 25-OH TOTAL
D549N,PIK3CA c.1645G>A(D549N)
D594G,BRAF c.1781A>G(D594G)
D594V,BRAF c.1781A>T(D594V)
D67N,MEK1 c.199G>A(D67N) Mutation
DARUN,DARUNAVIR
DBlot,DOT/BLOT EXTRACTION
DDI,QUANT D-DIMER FOR DIC
DEL,DELAVIRDINE
DESM,DESMETHYLDIAZEPAM
DEXM,DEXAMETHASONE
DHEA-S,DHEA SULFATE
DHT-MS,DIHYDROTESTOSTERONE (DHT) MS
DHUD,VITAMIN D 1;25-0H
DIAZ,DIAZEPAM
DID,DIDANOSINE
DIHY,DIHYDROCODEINE
DMX,DRVVT 1:1 MIX
DNAAny,DNA ANALYSIS
DNAB,TUMOR DNA-BREAST METHOD
DNAC1,DNA CONSULT 1
DNAExt,DNA EXTRACTION
DNAIS,DNA ISOLATION
DNAIgG,ssDNA ANTIBODY IgG
DNAInt,DNA INTERPRETATION
DNAIs1,DNAISOLATION 1
DNAIso,DNA ISOLATION
DNATit,ANTI-DNA TITER
DNAcom,ANTI-DNA(SLE)Comment
DNCD33,DONOR CD33 DETECT
DNMT3A,DNMT3A MUTATION
DOHL,DOHLE BODIES
DONCD3,DONOR  CD3 DETECT
DONDNA,DONOR DNA DETECTED
DQBeta,HLA DQ BETA
DR%,HLA-DR
DR-FC,HLA-DR
DR/19,HLA-DR (CD19+) %
DR19CU,HLA-DR (CD19+) #/CUMM
DRTOCU,HLA-DR (TOTAL) #/CUMM
DRTOT,HLA-DR (TOTAL)
DRTOT%,HLA-DR (TOTAL) %
DSM-Am,MECONIUM AMPHETAMINE
DSM-Co,MECONIUM COCAINE
DSM-Mj,MECONIUM THC (MARIJUANA)
DSM-Op,MECONIUM OPIATES
DSM-Ph,MECONIUM PHENCYCLIDINE
DSMBnz,MECONIUM BENZODIAZEPINE
DSMBrb,MECONIUM BARBITURATE
DSMCmt,MECONIUM COMMENT
DSMMtd,MECONIUM METHADONE
DSMPrx,MECONIUM PROPOXYPHENE
DSstat,-------------
DTCITA,CITALOPRAM
DTSFNL,SULFANILAMIDE
DTTIA,DILUTE THROMBOPLASTIN
DVT,D-DIMER FOR PE/DVT
Dandel,DANDELION IgE
Dat,DAT
Dat-X,SAMPLE X DATE
Date-A,SAMPLE A DATE:
DateC,DATE COLLECTION STARTED
DelIgM,HEPATITIS DELTA IGM ABS
Deox1,DEOXYCORTISOL
DeoxPy,DEOXYPYRIDINOLINE
DeoxyPy,DEOXYPRYDINOLINE/CREAT
Deoxyc,DEOXYCORTICOSTERONE
Depaka,VALPROATE(DEPAKANE)
Desal,DESALKYLFLURAZEPAM (co 10ng/g)
Desiip,DESIPRAMINE
Dexam,DEXAMETHASONE
Dfarin,D. farinae IgE
DhTest,DIHYDROTESTOSTERONE
Dia-S,DIAZEPAM
Diazep,DIAZEPAM
Diazpm,DIAZEPAM (co 5ng/g)
Diff,DIFFERENTIAL BLD
Digox,DIGOXIN
Dihyco,DIHYDROCODEINE (co 4ng/g)
DimCon,D-DIMER (CONTROL)
Dimer,D-DIMER (PATIENT)
Diph-U,DIPHENHYDRAMINE
Dipthe,DIPHTHERIA TOXOID IGG
DirLDL,LDL DIRECT
DisInt,DISACCHARIDASE INTERP; TISSUE
Dmi-U,DESIPRAMINE
DogDnd,DOG DANDER IgE
Donor#,UNRELATED DONOR #
DopaUr,DOPAMINE UR
Dopami,DOPAMINE
Dose,DOSE
DrDtPn,DRUG DETECTION PAN; UMBIL CORD
DrgS10,OHS DRUG SCREEN 10
DrgSUr,DRUG SCREEN URINE
Dror-U,DEXTRORPHAN
Drug-S,DRUG SCREEN
Drug1,DRUG 1
Drug2,DRUG 2
Drug3,DRUG 3
Drug4,DRUG 4
Drug5,DRUG 5
DtLDos,DATE OF LAST DOSE
DtSnt,SENT TO
DteSnt,DATE SENT
DxyChl,DEOXYCHOLIC ACID
Dxyl-U,DOXYLAMINE
E-Carn,CARNITINE ESTERS
E-HCO3,BICARB (CALC) ECMO
E17K,AKT1 c.49G>A(E17K)
E19A,EGFR c.2156G>C(G719A)
E19C,EGFR c.2155G>T(G719C)
E19D,EGFR EXON 19 DELETION
E19S,EGFR c.2155G>A(G719S)
E20I,EGFR EXON 20 INSERTION
E542K,PIK3CA  c.1624G>A(E542K)
E542Q,PIK3CA c.1624G>C(E542Q)
E545A,PIK3CA c.1634A>C(E545A)
E545G,PIK3CA c.1634A>G(E545G)
E545K,PIK3CA  c.1633G>A(E545K)
E545Q,PIK3CA  c.1633G>C(E545Q)
E545V,PIK3CA c.1634A>T(E545V)
E790M,EGFR c.2369C>T(T790M)
EAATT,ENDOMYSIAL IGA TITER
EBAgAb,EBV NUCLEAR AB
EBCAgG,EBV CAPSID IGG AB
EBCAgM,EBV CAPSID IGM AB
EBEAR,BASE EXCESS ECMO
EBNA,EB NUCL AG ANTIBODY
EBVPCR,EBV DNA PCR
EBVQnt,EBV QUANTIFICATION
ECC,ENDOCX CYTO
ECMOPH,PH ECMO
ECpCO2,PCO2 ECMO
ECpO2,PO2 ECMO
EDDP,EDDP (co 10ng/g)
EDDP-U,METHADONE METAB EDDP
EERDrP,EER DRUG DETECT PAN; UMBIL CORD
EERInf,EER INFLIXIMAB
EFAV,EFAVIRENZ
EFRATIO,ESTER/FREE RATIO
EGlycl,ETHYLENE GLYCOL
EH-IgG,E. HISTOLYTICA IGG ABS
EHD,EHRLICHIA DNA PROBE
EIAExp,CMV IGG EIA EXPLAN
EIARes,HTLV I/II AB EIA
EIARs1,EIA RESULT
EISRs1,HIV-1 AB EIA
ELC,ELECTROPHORESIS COMMENT
ELIP,ELLIPTOCYTES
ENC,ENDOCX COMMENT
ENGCMT,ENGRAFTMENT COMMENT
EO2SAT,O2 SAT (CALC) ECMO
EOSIA,EOSOINOPHIL (ABS)
EOSIAB,EOSOINOPHIL (ABS)
EOSII,IMM EOSINOPHIL %
EOSIIA,IMM EOSINOPHIL (ABS)
EOSIM,EOSINOPHILS %
EOSIRE,EOSINOPHIL %
EOsFrg,EER OSMOTIC FRAGILITY
ERBB2,ERBB2 EXON 20 INSERTION
ERslt,MIC ETEST RESULT
ETOH,ETHYL ALCOHOL
ETOHS,ETHANOL SERUM
ETR,ETRAVIRINE
EVD,ENTEROVIRUS RNA PCR
EXT,EXTENDED COMMENT
EggWhl,EGG WHOLE IgE
EggWht,EGG WHITE IgE
EggYlk,EGG YOLK IgE
EhIgG,EHRLICHIA CHAFFEENSIS IGG
EhIgM,EHRLICHIA CHAFFEENSIS IGM
ElIn,ELUATE
Elder,ELDER TREE IgE
Elipto,ELLIPTOCYTES
Elm,ELM TREE IgE
Elut,ELUTION
Emtric,EMTRICITABINE
EndIgA,ENDOMYSIAL AB; IGA SCEEN
Endomy,ENDOMYSIAL IGA AUTOABS
EngPlt,ENGLISH PLANTAIN IgE
EntRhi,ENTEROVIRUS/RHINOVIRUS
EntVIR,ENTEROVIRUS
EoAbs,EO AUTOMATED ABS
EoCt,EO COUNT BLOOD
EoMeta,EOSINO METAMYELOCYTE
EoMylo,EOSINO MYELOCYTE
Eos,EOSINOPHIL %
Eos-UA,EOSINOPHILS - URINE
EosBC,EOSINOPHIL%
Epicoc,EPICOCCUM IgE
Epine,EPINEPHRINE
EquivT,EQUIVALENT TO
Ery,ERYTHROMYCIN
Erythr,ERYTHROPOIETIN
EstRia,ESTRADIOL; RIA
EstUn,ESTRIOL UNCONJUGATED
EstrPd,ESTRADIOL (PEDS)
Estrad,ESTRADIOL
Estrdl,ESTRADIOL
Estrog,ESTROGENS TOTAL (E1   E2)
Estrog,ESTROGENS TOTAL (E1 + E2)
Estron,ESTRONE TOTAL
Ethano,ETHANOL
Ethchl,ETHCHLORVYNOL SCR
Ethosu,ETHOSUXIMIDE
Exp9,EBV EXPLANATION
ExplR4,EXPLANATION OF RES.4
ExtAbS,EXTENDED ANTIBODY SCREEN
F-AFP,ALPHA-FETO PROTEIN FLUID
F-ALB,ALBUMIN BODY FLUID
F-Amy,AMYLASE BODY FLUID
F-BILI,BILIRUBIN TOT BODY FLUID
F-CEA,CEA BODY FLUID
F-ChoL,CHOLESTEROL BODY FLUID
F-Cl,CHLORIDE BODY FLUID
F-Crea,CREATININE BODY FLUID
F-FIB,TIBC BODY FLUID
F-FLA,LACTIC ACID BODY FLUID
F-FT4,FREE T4 BODY FLUID
F-Gluc,GLUCOSE BODY FLUID
F-K,POTASSIUM BODY FLUID
F-LDH,LDH BODY FLUID
F-LIP,LIPASE BODY FLUID
F-Na,SODIUM BODY FLUID
F-TRIG,TRIGLYCERIDE BODY FLUID
F-Urea,UREA NITROGEN BODY FLUID
F-pH,PH BODY FLUID
F13Scr,FACTOR XIII SCREEN
F5Act,FACTOR V ACTIVITY
F7Act,FACTOR VII ACTIVITY
F8Act,FACTOR VIII ACTIVITY
F8Ih,FACTOR VIII INHIBITOR
F9Act,FACTOR IX ACTIVITY
FATYP,ATYPICAL CELLS
FAppr,GROSS APPEARANCE
FBaso,BASOPHILS
FBlsts,BLASTS
FCCHG,IP CHARGES
FCCom,COMMENT
FCDiag,DIAGNOSIS
FCTIgG,F-ACTIN ANTIBODY IgG
FEosin,EOSINOPHILS
FFAcBl,FATTY ACID FREE PLASMA
FFIB,FETAL FIBRONECTIN
FFPCRY,FRESH FROZEN PLASMA 600M
FFat24,FECAL FAT 24 HOUR
FIO2,FIO2
FK-506,FK-506 (TACROLIMUS)
FK506,FK-506
FLAGDT,FLU A&B AG DETECT
FLMat,FETAL LUNG MATURITY
FLOWIT,FLOW IMM'DEF/TRANSPL
FLT3,FLT3 ITD
FLT3M,FLT3 METHOD
FLT3Mu,FLT3 MUTATION
FLUARNA,INFLUENZA A RNA
FLUBRNA,INFLUENZA B RNA
FLUEXP,INFLU A EXPLANATION
FLgOth,LARGE CELL/OTHER
FLymph,LYMPHS %
FMALN,MALIGNANT CELLS
FMESO,MESOTHELIAL CELLS
FMeta,METAMYELOCYTES
FMonMc,MONO/MACROPHAGE
FMoncl,MONONUCLEAR CELLS
FMyelo,MYELOCYTES
FNB,FINE NEEDLE BX
FNRBC,NRBC'S
FNeut,NEUTROPHILS
FNucCl,NUCLEATED CELL
FORD,Order Received?
FOSAM,FOSAMPRENAVIR
FOSC,FOSCARNET
FPlaCl,PLASMA CELLS
FPmylo,PROMYELOCYTES
FProt1,PROTEIN BODY FLUID
FRBC1,RBC
FSA,FOLLICLE STIM HRM PEDIATRIC
FSH-R,FSH RAPID
FSH1,FOLLICLE STIMULATING HRM
FSP,FIBRIN SPLIT PRODUCT
FSPCR,Specimen Received?
FSeg,SEGMENTED CELLS
FSpnAp,SPUN APPEARANCE
FT4,F T4
FTo#Cl,TOTAL # CELLS
FType,TYPE OF FLUID
FVMC,Factor V R506Q Comment
FVMMET,FVM Methology
FWBC,WBC (/CU MM)
FXIIIA,FACTOR XIII ACTIVITY
FacVMA,FACTOR V MUT ANALYS
FastBl,FASTING BLOOD
FastUr,GLUCOSE FASTING (UA)
FatFec,FECAL FAT
FatNeS,FAT NEUTRAL STAIN
Fbg,FIBRINOGEN
Fbrngn,FIBRINOGEN
FclImm,FECAL IMMUNO OCCULT BLOOD
FctRCF,FACTOR RCF VWM
FecSpF,FECAL SPLIT FAT
Fentan,FENTANYL (co 1ng/g)
Ferrit,FERRITIN
Fescue,MEADOW FESCUE IgE
FiSpPr,FIBRIN SPLIT PRODUCTS
Fibron,IGA FIBRONECTIN AGGREGAT
Fibsp2,FIBROSPECT II
FluAFA,INFLUENZA A FA
FluAH1,FLU A SEASONAL H1
FluAH3,FLU A SEASONAL H3
FluARs,INFLUENZA A AG
FluBFA,INFLUENZA B FA
FluBRs,INFLUENZA B AG
Flunit,FLUNITRAZEPAM (co 5ng/g)
Flunit,FLUNITRAZEPAM
Fluraz,FLURAZEPAM (co 5ng/g)
FlwRec,FLOW SPEC RECEIVED IN IP LAB?
Fmonil,F. moniliforme IgE
FnlRst,FINAL RESULT
Fntyl,FENTANYL URINE
FolSer,FOLATE SERUM
Folate,FOLATE SERUM
ForMat,FOREIGN MATTER
FrXDNA,FRAGILE X MUTATION
FrctSA,FRUCTOSE SEMEN
Fructo,FRUCTOSAMINE
FtlRBC,FETAL RED CELLS
FuCSC,CULT FUNGUS CSF
FuMsC,CULT FUNGUS MISCELL
Fura,NITROFURANTOIN
G-CSF,IGG CSF
G-EIA,CMV IGG AB
G-Indx,IGG INDEX CSF
G-Sera,IGG SERUM
G-Sub1,IGG SUBCLASS 1
G-Sub2,IGG SUBCLASS 2
G-Sub3,IGG SUBCLASS 3
G-Sub4,IGG SUBCLASS 4
G-VDRL,VDRL CSF
G/DFlo,GAMMA/DELTA FLOW
G12AM,KRAS c.35G>C (G12A)
G12CM,KRAS c.34G>T (G12C)
G12DM,KRAS c.35G>A (G12D)
G12RM,KRAS c.34G>C (G12R)
G12SM,KRAS c.34G>A (G12S)
G12VM,KRAS c.35G>T (G12V)
G13AM,KRAS c.38G>C(G13A)
G13CM,KRAS c.37G>T (G13C)
G13DM,KRAS c.38G>A (G13D)
G13RM,KRAS c.37G>C(G13R)
G13SM,KRAS c.37G>A(G13S)
G13VM,KRAS c.38G>T(G13V)
G466V,BRAF c.1397G>T(G466V)
G469A,BRAF c.1406G>C(G469A)
G469E,BRAF c.1406G>A(G469E)
G469V,BRAF c.1406G>T(G469V)
G596R,BRAF c.1786G>C(G596R)
G6PD-A,G6PD
G6PD-S,G6PD SCREEN
GAA,ANTIGEN GRP A STREP
GAD,GLUTAMIC ACID DECARB
GAD,GAD ANTIBODY
GADAb,GAD ANTIBODY TEST
GAS,ANTIGEN GRP A STREP
GATCEL,GATED CELL POPULATION
GATE2,GATED CELL 2 POPULATION
GAUCH,GAUCHER MONITORING
GBMAb,GBM ANTIBODY; IgG
GCAmpP,N. GONORRHEA DNA
GCAmpP,N.GONORRHEA DNA
GCPrC,GC PROBE CONFIRM
GCProb,GC PROBE
GGL,GAMMA GLOBULIN
GGT,GAMMA GLUT TRANS BLOOD
GIndx,IgG Index CSF
GLU-EC,GLUCOSE WB ECMO
GOcclt,GASTROCCULT
GPAR,G PARAMETER
GQ209,GNAQ c.626A>T(Q209L)
GRefR,GENT REFERENCE RANGE
GT2Hr,2 HOUR GLUCOSE 75G
GTFst,FASTING GLUCOSE 75G
GTT1Hr,1 HOUR GLUCOSE
GTT2Hr,2 HOUR GLUCOSE
GTT3Hr,3 HOUR GLUCOSE
GTT50g,GLUCOSE TOL 50G
GTTFst,FASTING GLUCOSE
Gabape,GABAPENTIN
GamGg/,GAMMA GLOBULIN
GamGl%,GAMMA GLOBULIN %
GammaU,GAMMA; URINE
GasU,GASTRIC UREASE DET.
Gastrn,GASTRIN SERUM
Genta,GENTAMICIN LEVEL
Gentm,GENTAMICIN
Gest,CURRENT GEST AGE
Gest1,GESTATIONAL AGE
Gest2,GESTATIONAL AGE
Gest3,GESTATIONAL AGE
GestD,GEST AGE DETERMINATION
GiarAb,GIARDIA ANTIBODY
GiarAg,GIARDIA LAMBLIA AG
Gli-A,DEAMIDATED GLIADIN IGA ABS
Gli-G,DEAMIDATED GLIADIN IGG ABS
Glmprd,GLIMEPIRIDE
Glob,GLOBULIN
Glpzde,GLIPIZIDE
GluBed,BEDSIDE GLUCOSE
GluUr,GLUCOSE URINE HEMONC
GluWB,GLUCOSE WHOLE BLOOD
Gluc,GLUCOSE BLOOD
GlutAc,GLUTAMIC ACID
Gluten,GLUTEN IgE
Glutmn,GLUTAMINE
Glybrd,GLYBURIDE
Glycin,GLYCINE
GmHi,GENTAMICIN(HI LEVEL)
GntRag,GIANT RAGWEED IgE
GramSt,STAIN GRAM
GrmCck,COCKROACH; GERMAN IgE
GrnBn,GREEN BEAN IgE
H-Yeas,HISTOPLASMA YEAST ABS
H1N1,INFLUENZA A 2009 H1N1
H1WBRs,WESTERN BLOT RESULT
H6DPCR,HHV-6 DNA PCR
H7DPCR,HHV-7 DNA PCR
H8DPCR,HHV-8 DNA PCR
HAM-Rs,HEP A IGM RESULT
HAMExp,HEP A IGM EXPL
HAT-Rs,HEP A TOT AB RESULT
HATAb,HEPATITIS A TOTAL AB
HATExp,HEP A TOTAL AB EXPL
HAVEXP,HEP A EXPLANATION
HAgAbE,HIV AG/AB EXPLANATION
HBAQNT,HEP B SURFACE Ab QUANT
HBEExp,HEP B EXTENDED EXPLN
HBLog,HEPATITIS B DNA (LOG)
HBSA#,HEP B SURFACE AB VALUE
HBSAb,HEP B SURFACE AB
HBSAbX,SURF AB EXPLANATION
HBSAgH,HEPATITIS B SURFACE AG
HBSEx,SURF AB EXPLANATION
HBTCAb,HEP B CORE TOTAL AB
HBVExp,HEP B DIAG EXPLANATION
HBVPro,HEPATITIS B DIAGNOSTIC
HBcIgM,HEP B CORE IGM AB
HBeAb,HEP B E AB
HBeAbH,HEPATITIS B E AB
HBeAg,HEP B E AG
HBsAg,HEP B SURFACE AG
HC-ABI,ANTIBODY IDENTIFICATION
HC-ATR,ANTIBODY TITER
HC-CGT,COLD AGGLUTININ TITER
HC-DAC,DAT C3
HC-DAG,DAT IGG
HC-HLD,MISC SAMPLE (HOLD)
HC-QAS,QA SAMPLE
HC-RHN,RH NEG AB SCREEN
HCG-B,HCG BETA (3RD IRP)
HCO3Ca,BICARBONATE (CALC)
HCQLP,HEPATITIS C RNA QUAL PCR-REF
HCT-EC,PCV BLOOD ECMO
HCTWB,PCV BLOOD
HCV-Rs,HEP C AB
HCVAb,HEPATITIS C AB (EIA)
HCVEpt,HCV RNA (EXPONENT)
HCVExp,HEP C EXPLANATION
HCVGNO,HCV GENOTYPE ANALYSIS
HCVLog,HCV RNA (LOG)
HCVMtd,HCV METHOD
HCVPCR,HEPATITIS C PCR
HCVQNT,HCV RNA  QUANTIFICATION
HCVQNT,HCV RNA QUANTIFICATION
HCVQual,HCV RNA QUALITATIVE
HCVRlt,HCV RNA RESULT
HCYS,HOMOCYSTEINE;TOTAL
HComm,HEM PANEL COMMENTS
HDL-C,HDL CHOLESTEROL
HDLCho,HDL CHOLESTEROL
HDPAb,HEP DEPEND PLATELET AB
HEIARs,EIA RESULT
HELM,HELMET CELLS
HEPAIG,HEP A AB IGG
HER2FS,HER-2 FISH
HFluB,H.INFLUENZAE B AB
HGB,HEMOGLOBIN BLOOD
HGB-E,HEMOGLOBIN E
HGBEle,HEMOGL ELECTROPHOR
HGBEle,HGB ELECTROPHORESIS PERF
HGBInt,HGB EVAL INTERPRETATION
HGH,GROWTH HORMONE
HGH2IS,GROWTH HORMONE (2nd IS)
HHVIgG,IGG HHV-6
HHVIgM,IGM HHV-6
HITInt,HEP IND PLT AB INTERP
HIV-1,HIV-1 RNA ULTRAQUANT
HIV-Ag,HIV-1 FREE ANTIGEN {P24}
HIV-GE,HIV-1 Genotyping
HIV-IN,HIV-1 RNA Interpretation
HIV-PC,HIV-1 RNA  by PCR
HIV-PC,HIV-1 RNA by PCR
HIV-hi,HIV-1 RNA Quant Real-Time by PCR
HIV1&2,HIV-1 & 2 IGG ABS
HIV1Ab,HIV AB
HIV1WB,HIV WESTERN BLOT
HIVAb,HIV AB RAPID
HIVCmt,HIV-1 EXPLANATION
HIVEER,HIV-1 EER
HIVExp,HIV-1 RNA (EXPONENT)
HIVLog,HIV-1 RNA (LOG)
HIVP24,HIV (P24) ANTIGEN
HIVQnt,HIV-1 RNA QUANT RSLT
HIVRNA,HIV-1 RNA By PCR
HIVg/b,HIV P24 AG/HIV 1&2 AB
HJBO,HOWELL-JOLLY BODIES
HLA-AB,HLA A B TYPING
HLA-DR,HLA DR (SEROLOGY)
HLAABC,HLA A;B;C (SEROLOGY)
HLAABO,HLA ABO TYPING
HLAB27,HLA B27
HLADNA,HLA A;B;C BY DNA
HLAInt,HLA INTERPRETATION
HLDRDN,HLA DR BY DNA
HMLead,LEAD WHOLE BLOOD
HOCRE,CREATININE URINE
HOLEUK,LEUKOCYTES
HOP/C,PROTEIN/CREATININE
HOSmp1,SAMPLE 1
HOSmp2,SAMPLE 2
HOSmp3,SAMPLE 3
HPIgM,H. PYLORI IGM ANTIBODY
HPIndx,H PYLORI EIA INDEX
HPLC-A,HEMOGLOBIN A
HPLC-C,HEMOGLOBIN C
HPLC-F,HEMOGLOBIN F
HPLC-S,HEMOGLOBIN S
HPLCA2,HEMOGLOBIN A2
HPV16,HPV GENOTYPE 16 DNA
HPV18,HPV GENOTYPE 18 DNA
HPVOHR,HPV OTHER HIGH RISK DNA
HPylAE,H PYLORI AB EIA
HPylAg,H.PYLORI AG  STOOL
HPylBT,H. PYLORI BREATH TEST
HREIFX,ELECTROPHORESIS SERUM
HRISK,HIGH RISK
HRefR,EIA REFERENCE RANGE
HRes,HIGH RESOLUTION
HS2Exp,HSV EXPLANATION
HSCRP,hs-CRP
HSV-1,HSV-1 DNA PCR
HSV-2,HSV-2 DNA PCR
HSV1AG,HSV 1 AG BY FA
HSV1GC,HSV-1 IGG ABS CSF
HSV1Gg,HSV1 GLYCOPROT G SPEC IgG AB CSF
HSV1Gg,HSV 1 GLYCOPROTEIN G IgG
HSV2AG,HSV 2 AG BY FA
HSV2GC,HSV-2 IGG ABS CSF
HSV2Gg,HSV 2 GLYCOPROTEIN G IgG
HSV2Gg,HSV 2 IGG ABS
HSV2Gg,HSV2 GLYCOPROT SPEC IgG AB CSF
HSV2gG,HSV 2 IGG ABS
HSV2gG,HSV 2 GLYCOPROTEIN G IgG
HSV2gG,HSV2 GLYCOPROT SPEC IgG AB CSF
HSV2gM,HSV 2 IGM ABS
HSVAbs,HSV 1&2 IgG & IgM Ab
HSVCbM,HSV 1/2 COMBO AB IgM
HSVCmb,HSV 1/2 COMBO AB IgG
HSVCom,HSV Antibdy Comment
HSVExp,HSV Ab Explanation
HSVIgG,HSV 1 IGG ABS
HSVIgM,HSV 1 IGM ABS
HSVMEx,EXPLANATION
HSVMth,METHOD
HSVPre,HERPES PRELIM RESLT
HTLEIA,HTLV-I EIA RESULT
HTLVI,HTLV-I/II  WESTERN BLOT
HV1,HIV-1 QUANTIFICATION
HV12AB,HIV 1&2 AB
HV12EX,HIV 1&2 EXPLANATION
HV1OD,PT. OD/CUTOFF OD =
HVA,HOMOVANILLIC ACID 24HR U
HYDR,HYDROCODONE
HYDROM,HYDROMORPHONE
HYPINT,HYPERCOAG EVAL INTERP
HYPOC,HYPOCHROMIA
HairCl,HAIRY CELLS
Haptgl,HAPTOGLOBIN BLOOD
Hcod-U,HYDROCODONE
Hdxz-U,HYDROXYZINE
Helmin,HELMINTHOSPOR IgE
HemIdx,HEMOLYSIS iNDEX
HemIdx,HEMOLYSIS INDEX
Hemosi,HEMOSIDERIN STAIN
HepAAb,HEPATITIS A AB PANEL
HepAb,HEPARIN IND PLT ANTI
HepCAb,HEPATITIS C IGG
HepCRb,HEPATITIS C ABS RIBA
HepDel,HEPATITIS DELTA TOTAL ABS
HepFnP,HEPATATIC FUNCTION PANEL
Hepasy,HEPARIN ASSAY
Heptac,HEPTACARBOXYPORPHYRIN
Hex%A,HEXOSAMINIDASE % A
HexTot,HEXOSAMINIDASE TOTAL
Hexac,HEXACARBOXYPORPHYRIN
Hgb,HEMOGLOBIN BLOOD
Hgb#1,HEMOGLOBIN #1
Hgb#2,HEMOGLOBIN #2
Hgb-F,HEMOGLOBIN F
HgbA1C,HGB A1C GLYCATED
HgbA2,HEMOGLOBIN A2
HgbEle,HEMOGL ELECTROPHOR
HgbEle,HGB ELECTROPHORESIS PERF
HgbSS,HEMOGLOBIN S SICKLEDEX
HiRisk,HIGH RISK HPV
HisAgU,HISTOPLASMA ANTIGEN URINE
HisSou,SOURCE
Hist2F,HISTOPLASMA MYCELIAL ABS
HistAg,HISTOPLASMA ANTIGEN BLOOD
HistAg,HISTOPLASMA ANTIGEN
Histdn,HISTIDINE
Histon,(H2A-H2B) DNA AUTOABS
HmOclt,HEMOCCULT TEST
Hom-Dy,HOMOCYSTINE MG/DAY
HomoQt,HOMOCYSTINE URINE QUANT
HomocB,HOMOCYST(E)INE ULTRAQUANT
Hormdd,HORMODENDRUM IgE
HorsGG,HORSE IGG
Hours,COLLECTION DURATION
HpAbId,HISTOPLASMA ABS BY ID
HpBDNA,HEPATITIS B DNA QUANT
HpBExp,HEPATITIS B DNA (EXPONENT)
HpBLog,HBV DNA QNT PCR LOG
HpEIgG,HEPATITIS E IGG
HpIdAb,HEPARIN IND PLATELET AB
Hr-Col,HOURS OF COLLECTION
HrCol,HRS OF COLLECTION
HrColl,Hours of Collection
HrNMet,UR HRS COLL N-METHYLHISTAMINE
HrsCol,HRS OF COLLECTION
Hy-Aur,AUREOBASIDIUM PULLULANS
Hy-Mic,MICROPOLYSPORA FAENI
Hy-PSr,PIGEON SERUM
Hy-ThV,THERMOACTINOMYCES VULGARI
Hydrco,HYDROCODONE (co 6ng/g)
Hydrmo,HYDROMORPHONE (co 4ng/g)
Hypo,HYPOCHROMASIA
Hypseg,HYPERSEG NEUTROPHILS
HystCS,H. MYCELIAL ABS CSF
Hzlnut,HAZELNUT IgE
I-LYM#,LYMPH ABS
I-LYM%,LYMPH %
I-WBC,WBC BLOOD
IBDSer,IBD Serology 7
ICCFAb,ISLET CELL CF AUTOABS
ICIgAb,ISLET CELL IGG AUTOABS
IDBtmy,(ID) BLASTOMYCES AB
IDDM,INSULIN DEP DIABETIC
IDDM1,IDDM ?
IDDM2,IDDM ?
IDH1,IDH1 MUTATION
IDH105,IDH1 c.315C>T (G105G)
IDH132,IDH1 c.394C>G (R132G)
IDH2,IDH2 MUTATION
IDH32C,IDH1 c.394C>T (R132C)
IDH32H,IDH1 c.395G>A (R132H)
IDH32L,IDH1 c.395G>T (R132L)
IDH32P,IDH1 c.395G>C (R132P)
IDH32S,IDH1 c.394C>A (R132S)
IDH40G,IDH2 c.418C>G (R140G)
IDH40L,IDH2 c.419G>T (R140L)
IDH40P,IDH2 c.419G>C (R140P)
IDH40Q,IDH2 c.419G>A (R140Q)
IDH40W,IDH2 c.418C>T (R140W)
IDH72G,IDH2 c.514A>G (R172G)
IDH72K,IDH2 c.515G>A (R172K)
IDH72M,IDH2 c.515G>T (R172M)
IDH72S,IDH2 c.516G>T (R172S)
IDH72T,IDH2 c.515G>C (R172T)
IDH72W,IDH2 c.514A>T (R172W)
IDHGC,IDH2 c.516G>C (R172S)
IEFOTH,HEMOGLOBIN OTHER
IFEInt,URINE IFE INTERPRETATION
IFX,IMMUNOFIXATION SERUM
IFXK/L,IFX/IEP BLOOD
IGAB,IMM GRANULOCYTES (ABS)
IGBP3P,IGF BINDING PROTEIN 3 (PEDS)
IGE,IGE
IGE,IgE QUANTITATIVE
IGF-1,IGF-1 (PEDS)
IGF1,IGF-1
IGFBP3,INS-LIKE GRTH FCTR BP-3
IGHR,IGH REARRANGEMENT
IGHRM,IGH REARNGMNT METHOD
IGRE,IMM GRANULOCYTES %
II,INDIA INK PREP
IMCAP,IMMCAP SCORE IGE
INDV,INDINAVIR
INTER,INTERPRETATIVE REPORT
IPF,IMM PLATELET FRACTION
IPID,IMMUNOPATH ID
IRF,IMMATURE RETIC FRACTION
ITD/WT,ALLELIC RATIO=ITD/WT
IVStop,INFUSION STOP TIME
IVStrt,INFUSION START TIME
Ibu-U,IBUPROFEN
IctIdx,ICTERUS INDEX
IfBFC,IMMUNOFIX ID BODY FLD
Ifx/KL,IMMUNOFIX K/L BLOOD
IfxBlC,IMMUNOFIX ID SERUM
IfxUrC,IMMUNOFIXATION ID URINE
IgA,IGA QUANTITATIVE BLOOD
IgDSer,IMMUNOGLOBULIN D; SERUM
IgE,IGE
IgE,IgE QUANTITATIVE
IgEQnt,IGE QUANTITATIVE BLOOD
IgG-Q,IGG QUANTITATIVE BLOOD
IgGCSF,IgG-CSF
IgGSub,IGG SUBCLASSES BLD
IgM-Q,IGM QUANTITATIVE BLOOD
ImdefB,FLOW IMMUNODEF BASELINE
ImmunA,IMMUNOGLOBULIN A; SERUM
InNuAb,INFLIXIMAB NEUTRALIZING AB
IndExp,H PYLORI EXPLANATION
InflA,INFLUENZA A; HUMAN
InflB,INFLUENZA B
Inflix,INFLIXIMAB
Inhib,INHIBIN
InhibA,INHIBIN A MATERNAL
InsAb,INSULIN ANTIBODY
Insg,CLIN INSIGNIF ABS
Insuln,INSULIN
IntFac,INTRINSIC FCT BLOCK ABS
IntPCat,INTERP CATECHOL PLASMA
Intrp,INTERPRETATION
IopPTH,Intraoperative PTH
Ipm,IMEPENEM
Iron,IRON BLOOD
Iso-P,ISO-PROPANOL SERUM
Iso-Pr,ISO-PROPANOL
Iso1,ISOLATE 1
Iso2,ISOLATE 2
Iso3,ISOLATE 3
Iso4,ISOLATE 4
IsoLcn,ISO-LEUCINE
Isopro,ISOPROPANOL BLOOD
JCVir,JC VIRUS
JK2,JK2 V617F c.1849G>T
JK2M,JK2 METHOD
JohnGr,JOHNSON GRASS IgE
JunGrs,JUNE GRASS IgE
K,POTASSIUM BLOOD
K-Aldo,POTASSIUM (ALD)
K-EC,POTASSIUM WB ECMO
K-WB,POTASSIUM WHOLE BLOOD
K/LUr,IMMUNOFIX K/L URINE
K117AM,KRAS c.351A>T(K117N)
K117NM,KRAS c.351A>C(K117N)
K24Hr,POTASSIUM MEQ/24 HOUR
K557C,KITc.1669T>C (W557R)
K557R,KITc.1669T>A(W557R)
K559A,KIT c.1676T>C(V559A)
K559D,KIT c.1676T>A (V559D)
K576P,KIT c.1727T>C(L576P)
K57N,MEK1 c.171G>T(K57N) Mutation
K601E,BRAF c.1801 A>G (K601E)
K642E,KIT c.1924A>G(K642E)
K816H,KIT c.2446G>C(D816H)
KAP-FC,B CELL KAPPA
KD816V,KIT c.2447A>T (D816V)
KITMut,KIT MUTATION
KLRat,KAPPA/LAMBDA RATIO
KOH,KOH PREP
KTIME,K-TIME
KapExc,KAPPA EXCRETION/DAY URINE
KapLCQ,KAPPA LIGHT CHAIN QUANT
Keppra,KEPPRA (LEVETIRACETAM)
KetUr,KETONE URINE HEMONC
L597,BRAF c.1790T>A (L597Q)
L597R,BRAF c.1790 T>G (L597R)
L597S,BRAF c.1789_1790CT>TC (L5975S)
L597V,BRAF c.1789C>G(L597V)
L858R,EGFR c.2573T>G(L858R)
L861Q,EGFR c.2582T>A(L861Q)
LA,LACTIC ACID VENOUS
LAC,LACTATE WHOLE BLOOD
LAC-EC,LACTATE WB ECMO
LACLot,LUPUS ANTICOAG ST-LA
LAMV,LAMIVUDINE
LCMIgG,LCM IgG
LCMIgM,LCM IgM
LCTFEC,LACTOFERRIN FECAL
LD1LD2,LD-1/LD-2 RATIO
LDH,LDH BLOOD
LDH-Is,LDH ISOENZYME BLD
LDL-C,LDL CHOLESTEROL CALC
LDLCho,LDL CHOLESTEROL
LDLPro,LIPOPROTEIN PROFILE
LDgCRT,LEAD URINE ug/gCrt
LDgCRT,LEAD URINE /gCrt
LGAG,L.PNEUMOPHILIA DETECTION
LH-R,LH RAPID
LH1,LUTEINIZING HOROMONE
LH1,LUTEINIZING HORMONE
LHP,LUTEINIZING HORMONE PED
LKM-Ab,LIVER-KIDNEY MICROSOME
LMWH,LMW HEPARIN ASSAY
LOPRIT,LOPINAVIR/RITONAVIR
LORA,LORAZEPAM
LRISK,LOW RISK
LUPInt,LUPUS ANTICOAG INTERP
LYMEM,BORRELIA BURGDRF IGM
LYMPA,LYMPHS (ABS)
LYMPAB,LYMPHS (ABS)
LYMPM,LYMPS %
LYMPRE,LYMPHS %
Lam-FC,B CELL LAMBDA
LamBdy,LAMELLAR BODY COUNT
LamExc,LAMBDA EXCRETION/DAY URINE
LamLCQ,LAMBDA LIGHT CHAIN QUANT
Lamb,LAMB IgE
LambQs,LAMBS QUARTERS IgE
Lamict,LAMOTRIGINE
LctasT,LACTASE; TISSUE
LdGCrt,LEAD URINE /gCrt
LdGCrt,LEAD URINE ug/gCrt
LdugL,LEAD URINE ug/L
Lead,LEAD WHOLE BLOOD
LeadUR,LEAD (24 HR UR)
LeadUR,LEAD URINE
Leiden,FACTOR V LEIDEN COAG
Leucin,LEUCINE
Leucne,LEUCINE
Li/HDL,LIPID/HDL PROFILE
Lid-U,LIDOCAINE
Lido,LIDOCAINE
LipIdx,LIPEMIA INDEX
Lipase,LIPASE BLOOD
Lipo-A,LIPOPROTEIN (A)
Lith,LITHIUM BLOOD
LivrP,LIVER TRANSPLANT PROFILE
Lobstr,LOBSTER IgE
Log-10,HIV-1 RNA BY PCR
LonCar,LONG CHAIN ACYLCARNITINE
Loraz,LORAZEPAM (co 5ng/g)
LotExp,TB lot expiration date
Luc%,OTHER CELLS %
LucAbs,OTHER CELLS (ABS)
Lvx,LEVOFLOXACIN
Lym,LYMPHS %
LymAMg,LYMPH AG & MITOGEN PROLIF PANEL
LymAbs,LYMPHS (ABS)
LymBC,LYMPHS %
LymMit,LYMPH MITOGEN PROLIF
LymSub,LYMPHOCYTE SUBSETS
Lyme2,LYME DISEASE BLOOD
LymeG,BORRELIA BURGDRF IGG
LymeT,B. BURGDORFERI (LYME)
Lysine,LYSINE
M-ABO,MOTHER'S ABO
M-AbS,MOTHER'S AB SCREEN
M-DU,MOTHER'S DU
M-EIA,CMV IGM AB
M-RH,MOTHER'S RH
MACROC,MACROCYTOSIS
MAG,METHENAMINE SILVER
MBFra,CK2-MB
MBRat,CK-MB RATIO
MCFU,L. COLONY MYCO CFU
MCH,MCH
MCHC,MCHC
MCSPIn,MICROSPORIDUM STN INTERP
MCV,MCV
MDA,MDA (co 8ng/g)
MDALab,ATYP LYMPHS (ABS)
MDBlab,BLASTS (ABS)
MDC,MANUAL DIFF COMMENT
MDEAEv,MDEA-EVE (co 8ng/g)
MDMA,MDMA / ECSTASY (SEREEN)
MDMAEc,MDMA-ECSTASY (co 8ng/g)
MDMMab,METAMYELOCYTES (ABS)
MDMyab,MYELOCYTES (ABS)
MDOthr,OTHER CELL TYPE AND COUNT
MDPmab,PROMYELOCYTES (ABS)
MEAG,MEASLES IGG ABS
MEGK,MEGAKARYOCYTIC FRGS
MELIN,MELANOMA INTERP
MEOH,METHANOL
MESS,MESSAGE SAMPLE HELD
METAS,TOTAL METANEPHRINE
METINT,INTERPRETATION
METPL,METANEPHRINE
MGDIS,COMMENT
MGPanC,MYASTHENIA GRAVIS C
MHA-TP,MHA-TP BLOOD
MIC,MIN INH CON mcg/mL
MICInt,MIC INTERPRETATION
MICR,MICROCYTOSIS
MICRS,MICROSPHEROCYTES
MICSP,MICROSPORIDIUM STAIN
MIDA,MIDAZOLAM/METABOLITE
MIS,MISCELLANOUS
MISCC,MISC CYTO
MISour,SOURCE
MM-Fra,CK3-MM
MM-PTH,PARATHORMONE-(MM)
MONOA,MONO (ABS)
MONOAB,MONO (ABS)
MONOBC,MONOCYTES%
MONOM,MONOCYTES %
MONORE,MONOCYTES %
MORP,MORPHINE
MPO,ANTI-MYELOPEROXIDASE
MPO-FC,MPO CYTOPLASMIC-FLOW
MPOAb,MYELOPEROXIDASE ANTIBODY
MPV,MEAN PLATELET VOLUME
MPneu,METAPNEUMOVIRUS
MPneuA,M. PNEUMONIAE IGA
MPneuG,M. PNEUMONIAE IGG
MPneuG,M PNEUMONIAE IGG
MPneuM,M. PNEUMONIAE IGM
MSITE,SITE
MSOURCE,SOURCE
MTBPcr,MYCOBACTERIA TB DNA PCR
MTBPcr,MYCOBACTERIA TB DNA RCR
MUMExp,MUMPS EXPLANATION
MUT/WT,ALLELIC RATIO=MUT/WT
MXAMP,MAX AMPLITUDE
Macro,MACROCYTOSIS
Mag-Ag,MAG ANTIBODY IGM
MalSmr,MALARIA SMEAR BLD
MaltsT,MALTASE; TISSUE
Mari,MARIJUANA
Mari,MARIJUANA METABOLITE (co 150ng/g)
MarjMt,MAIJUANA METABOLITE
MatWt,MATERNAL WEIGHT
MatWt1,MATERNAL WEIGHT
MatWt2,MATERNAL WEIGHT
Mclp-U,METOCLOPRAMIDE
Mdon-U,METHADONE
MeasEx,MEASLES EXPLANATION
MeasG,MEASLES IGG ABS
MeasM,MEASLES IGM ABS
MehSic,MEHARRY SICKLE CELL
Mep-U,MEPERIDINE/PETHIDINE
Meperi,MEPERIDINE (co 2ng/g)
MerGCr,MERCURY URINE ug/gCrt
MercBl,MERCURY WHOLE BLOOD
MerugL,MERCURY URINE ug/L
MetHgb,METHEMOGLOBIN
Meta,METAMYELO %
MetaBC,METAMYELO%
MetanU,METANEPHRINE
Metfrm,Metformin
MetgCr,NOR + METANEPH /GMCR
Meth-1,METHOD 1
Meth-L,METHOD
Methad,METHADONE (SCREEN)
Metham,METHAMPHETAMINE (SCREEN)
Metham,METHAMPHETAMINE (co 8ng/g)
Methan,METHANOL SERUM
Methdn,METHADONE (co 10ng/g)
Methic,METHICILLIN
Methon,METHIONINE
Meto-U,METOPROLOL
Metrex,METHOTREXATE BLOOD
Mez,MEZLOCILLIN
Mg,MAGNESIUM BLOOD
MgUr,MAGNESIUM; URINE
MicAlb,MICROALBUMINURIA
MicMIC,MICRODILUTION MIC
Micro,MICROCYTOSIS
MidCar,SH/MID CHN ACYLCARNITIN
Midazo,MIDAZOLAM (co 5ng/g)
Milk,MILK (COW'S) IgE
Min,MINOCYCLINE
Mirt-U,MIRTAZAPINE
Misc,MISC REFERRAL TEST
MiscAA,MISC AMINO ACID
MmAcid,METHYLMALONIC ACID
MnDiab,MONOGENIC DIABETES (MODY) EVAL
MnFCat,MINUTES (FR. CATS)
MonAbs,MONO (ABS)
MonoPl,MONOCLONAL POOL
Monocy,MONOCYTES %
Monosp,MONOSPOT AB
Morp-U,MORPHINE
Morphi,MORPHINE
Morphi,MORPHINE (co 4ng/g)
MouEpi,MOUSE EPITHELIUM IgE
MousGG,MOUSE IGG
Mpb-U,MEPROBAMATE
Mprdne,MEPERIDINE
MpsIgM,MUMPS IgM Abs
Mrace,Mucor racemosus IgE
MsC&S,CULT BACT MISCELLAN
Mtamph,METAMPHETAMINE
Mth-1,METHOD 1
Mth-2,METHOD 2
Mth-3,METHOD 3
Mth-4,METHOD 4
Mthadn,METHADONE
Mthaqu,METHAQUALONE
Mthine,METHIONINE
Mthol,METHANOL SERUM
MtnCdr,MOUNTAIN CEDAR TREE IgE
Mtor-U,METHORPHAN
Mumps,MUMPS IGG ABS
Mustrd,MUSTARD IgE
MyasAd,MYASTHENIA GRAVID (ADULT)
MycPhs,MYCELIAL PHASE
MyceCS,HISTOPLASMA YEAST ABS CSF
MycoCC,MYCOPLASMA COLONY COUNT
MyelBC,MYELOCYTES%
Myelo,MYELOCYTES %
MyoAbs,MYOSITIS AUTOANTIBODIES
MypAcd,MYCOPHENOLIC ACID
N+M/Cr,TOTAL META/G CREAT
N-APA,N-ACETYLPROCAINAMIDE
N61GG,NRASc.182_183AA>GG
N61TL,NRAS c.182_183AA>TG
NA-EC,SODIUM WB ECMO
NBili,NEONATAL BILIRUBIN
NEL,NELFINAVIR
NEUTA,NEUT (ABS)
NEUTAB,NEUT (ABS)
NEUTM,NEUTROPHIL %
NEUTRE,NEUTROPHILS %
NEV,NEVIRAPINE
NFntyl,NORFENTANYL URINE
NG12A,NRAS c.35G>C(G12A)
NG12C,NRAS c.34G>T (G12C)
NG12D,NRAS c.35G>A(G12D)
NG12R,NRAS c.34G>C(G12R)
NG12S,NRAS c.34G>A(G12S)
NG12V,NRAS c.35G>T(G12V)
NG13A,NRAS c.38G>C(G13A)
NG13C,NRAS c.37G>T(G13C)
NG13D,NRAS c.38G>A(G13D)
NG13R,NRAS c.37G>C(G13R)
NG13S,NRAS c.37G>A(G13S)
NG13V,NRAS c.38G>T(G13V)
NIsol1,NOT ISOLATED IN (1)
NIsol2,NOT ISOLATED IN (2)
NKFunc,NK FUNCTION
NMDAAb,NMDA RECEPTOR (NR1) AB
NMOAAB,NEUROMYELITIS OPTICA AUTOAB
NORD,NORDIAZEPAM
NORMET,NORMETANEPHRINE
NPM1,NPM1 MUTATION ANALYSIS
NPM1M,NPM1 METHOD
NQ61C,NRAS c.183A>C(Q61H)
NQ61E,NRAS c.181C>G(Q61E)
NQ61H,NRAS c.183A>T(Q61H)
NQ61K,NRAS c181C>A(Q61K)
NQ61L,NRAS c.182A>T(Q61L)
NQ61P,NRAS c.182A>C(Q61P)
NQ61Q,NRAS c.183A>G(Q61Q)
NQ61R,NRAS c.182A>G(Q61R)
NRBC,NUCLEATED RBC
NRBC#,NUCLEATED RBC#
NRBCBC,NUCLEATED RBC
NRBCMA,NUCLEATED RBC#
NSE,NEURON SPECIFIC ENOLASE
NTAuto,NT AUTOMATED ABS
NTELO,N-TELOPEP XLINK UR
NTelpt,N-TELOPEPTIDE CROSS-LINK; SERUM
NVolat,NON-VOLATILE
Na,SODIUM BLOOD
Na-WB,SODIUM WHOLE BLOOD
Na24Hr,SODIUM MEQ/24 HOUR
NaAldo,SODIUM (ALD)
Nalox,NALOXONE
Naltrx,NALTREXONE (co 8ng/g)
Napr-U,NAPROXEN
NaslO2,NASAL O2 RATE
Natgld,NATEGLINIDE
NavBn,NAVY BEAN IgE
Naxol,NALOXONE (co 8ng/g)
NbGSc,NEWBORN GENETIC SCREEN
NbGsA,CAH
NbGsG,GAL
NbGsH,HGB
NbGsP,PKU
NbGsT,TSH
NbprGl,NORBUPRENORPHINE GLUCURONIDE; UR
Ndaz-U,NORDIAZEPAM
Ndesmt,N-DESMETHYLTRAMADOL (co 2ng/g)
Ndz-S,NORDIAZEPAM
Neg-Sc,RH NEG ANTIBODY SCR
NeoCom,NEOCOMPLETE PARANEOPLAST PROFILE
NeuV-G,Neuronal (V-G) K+ Channel Ab; S
Neut,NEUTROPHILS %
NeutBC,NEUTROPHILS
Nicot,NICOTINE SCREEN
Nitraz,NITRAZEPAM (co 5ng/g)
NlMrph,MORPHOLOGY
NonHDL,NON-HDL
Nor-S,NORTRIPTYLINE
NorFln,NORFLUNITRAZEPAM
Norbpr,NORBUPRENORPHINE; UR
Nordia,NORDIAZEPAM (co 5ng/g)
Norep,NOREPINEPHRINE URINE
NormeU,NORMETANEPHRINE
Normpr,NORMEPERIDINE
Nornic,NORNICOTINE
Norpac,DISOPYRAMIDE
Nort-U,NORTRIPTYLINE
Nortr1,NORTRIPTYLINE
Nortri,NORTRIPTYLINE
Notes1,NOTES/FTXT TEST1
Notes2,NOTES/FTXT TEST2
Notes3,NOTES/FTXT TEST3
Nt-PTH,INTACT-PTH
NtAbs,NEUT (ABS)
NucAcI,NUCLEIC ACID ISOLATION
O&P-CP,CONCENTRATED PREP
O&P-TS,TRICHROME STAIN
O2Sat,O2 SATURATION
O2SatC,O2 SATURATION (CALC)
O2SatV,O2 SATURATION(VENOUS
O2StCB,O2 SATURATION CORD GAS
OABLA,LACTIC ACID
OAK,OAK TREE IgE
OCC,OTHER CYST CYTOLOGY
OHPrln,HYDROXYPROLINE
OKTGG,OKT3 IGG
OKTGM,OKT3 IGM
OPIODS,OPIOIDS; UMBILICAL CORD
OTHER,OTHER
OTHIMM,OTHER; IMMUNOASSAY; UMBIL CORD
OXAZ,OXAZEPAM
OXYC,OXYCODONE
OXYM,OXYMORPHONE
Oat,OAT IgE
Occult,OCCULT BLOOD STOOL
Odesmt,O-DESMETHYLTRAMADOL (co 2ng/g)
Ofx,OFLOXACIN
Olan-U,OLANZAPINE
OliCSF,OLIGOCLONAL IG CSF
Olig/G,OLIGOCLONAL/IGG INDEX-CSF
OpiCon,OPIATES CONF
Opiate,OPIATE (SCREEN)
Opte,OPIATE
Orchrd,ORCHARD GRASS IgE
Org,ORGANISM
Organi,ORGANIC ACIDS PLASMA
Ornthn,ORNITHINE
OsFrag,OSMOTIC FRAGILITY
Osmol,OSMOLALITY BLOOD
Ova&P,O & P; DIRECT PREP
Oxaz-U,OXAZEPAM
Oxazep,OXAZEPAM (co 5ng/g)
Oxcarb,OXCARBAZEPINE METAB
OxlUr,OXALATE URINE
OxyS,OXYCODONE (SCREEN)
Oxycod,OXYCODONE (co 4ng/g)
Oxymor,OXYMORPHONE (co 4ng/g)
Oyster,OYSTER IgE
P+N-0H,PT MIX 0HR
P+N-1H,PT MIX 1HR
P+N-2H,PT MIX 2HR
P+N0Hr,PTT MIX 0HR
P+N1Hr,PTT MIX 1HR
P+N2Hr,PTT MIX 2HR
P-Dopa,DOPAMINE
P-Epi,EPINEPHRINE
P-Nor,NOR-EPINEPHRINE
P-Preg,PREGNANCY TEST URINE
P-S-Ac,PROTEIN-S-ACTIVITY
P1QFV,PHASE I Q-FEVER AB
P2QFV,PHASE II Q-FEVER AB
P2Y12%,P2Y12 PERCENT INHIBITION
PB19Ex,PARVOVIRUS B19 EXPLANATION
PBSMic,BUFFY COAT/MICROORGS
PCA-1,PURKINJE CYTO ABS TYPE 1
PCA-Tr,PURKINJE CYTO ABS TYPE Tr
PCA2Ab,PURKINJE CYTO ABS TYPE 2
PCAct,PROTEIN C ACTIVITY
PCAg,PROTEIN C ANTIGEN
PCP,PHENCYCLIDINE (SCREEN)
PCR,PCR & NUCLEIC PROBES
PCV,PCV BLOOD
PCV-WB,PCV WHOLE BLOOD
PCatIt,INTERP  FRACT CAT BLOOD
PChMiA,PARENTAL CHROMO MICROARRAY
PDXCom,PDX COMMENT
PDXDix,PDX Disclaimer
PDXM,PDX METHOD
PERCUL,B.PERTUSSIS CULT RESULT
PF8Ih,PORCINE VIII INHIBITOR
PFC,PLEURAL FLD CYTO
PFlu1,PARAINFLUENZA 1 FA
PFlu2,PARAINFLUENZA 2 FA
PFlu3,PARAINFLUENZA 3 FA
PH,PH ARTERIAL
PHENCY,PHENCYCLIDINE-PCP (co 4ng/g)
PHENCY,PHENCYCLIDINE
PHENCY,PHENCYCLIDINE; UMBILICAL CORD
PINP,PROCOLLAGEN TYP1 PROPEP
PIVKA,PIVKA II
PInf1,PARAINFLUENZA 1
PInf2,PARAINFLUENZA 2
PInf3,PARAINFLUENZA 3
PInf4,PARAINFLUENZA 4
PKUSc,PKU SCREEN
PKUTgt,PKU TARGET
PLAAgA,PLATELET IGA ABS
PLAAgG,PLATELET IGG ABS
PLAAgM,PLATELET IGM ABS
PLAS,PLASMACYTES %
PLASA,PLASMACYTES (ABS)
PLASMA,PLASMA CELLS
PLASTD,PLASMATOID
PLAsgG,PLATELET ASSOCIATED IGG ABS
PLAsgM,PLATELET ASSOCIATED IGM ABS
PLAxgA,PLATELET ASSOCIATED IGA ABS
PLTA,AGRANULAR PLATELETS
PLTC,PLATELET CLUMPS
PLTE,PALTELET COMMENTS
PLTL,LARGE PLATELETS
PLTS,PLATELETS LEUKOREDUCED
PLasm,PLASMINOGEN
PMLRAR,t(15;17) PML-RARa
PMONO,PROMONOCYTES %
PMONOA,PROMONOCYTES (ABS)
POCA1C,HGB A1C GLYCATED
POIKI,POIKILOCYTOSIS
POLYC,POLYCHROMASIA
PPAAb,PARANEOPLASTIC AUTOABS
PR3,ANTI-PROTEASE 3
PR3Ab,SERINE PROTEASE 3 ANTIBODY
PRA,RENIN ACTIVITY
PSA,PROSTATE SPECIFIC ANTIGEN
PSA-Fr,FREE PSA
PSA-T%,% FREE PSA
PSA-To,TOTAL PSA
PSAUlt,PSA ULTRA SENSITIVE
PSAct,PROTEIN S ACTIVITY
PSAg,PROTEIN S AG FREE
PT-inr,INR
PT-pt,PATIENT (PT)
PT-rat,RATIO (PT)
PT2COM,PT2 COMMENT
PT2MET,PT2 METHODOLOGY
PTH,PARATHYROID HORMONE
PTH-MM,PARATHORMONE-MM
PTH-RP,PTH RELATED PROTEIN
PTT-pt,PATIENT PTT
PTTCtr,CONTROL PTT
PTTrat,RATIO (PTT)
PWC,PERITONEAL WASH CYTO
PYRAC,PYRUVIC ACID
PalatT,PALATINASE; TISSUE
PanEla,PANCREATIC ELASTASE
PancAm,PANCREATIC ISOAMYLASE
ParB19,PARVOVIRUS B19 AB
ParvoG,PARVOVIRUS B19 IGG ABS
ParvoM,PARVOVIRUS B19 IGM ABS
Pat-PT,PATIENT (PT)
Pat-TT,PATIENT (TT)
PatL,PATIENT LOCATION
PatLoc,PATIENT LOCATION
PathCm,PATH COMMENT #1
PcnTre,PECAN TREE IgE
PeaIgA,PHOSPHATIDYLETHANOLAMINE IgA
PeaIgG,PHOSPHATIDYLETHANOLAMINE IgG
PeaIgM,PHOSPHATIDYLETHANOLAMINE IgM
Pecan,PECAN IgE
PedLiv,PED LIVER PROFILE
Pen,PENICILLIN
PenNot,PENICILLIUM NOTATUM IgE
Pentac,PENTACARBOXYPORPHYRIN
PerSit,PERFORMING SITE
PgIgA,PHOSPHATIDYLGLYCEROL IgA
PgIgG,PHOSPHATIDYLGLYCEROL IgG
PgIgM,PHOSPHATIDYLGLYCEROL IgM
Ph24Hr,PHOSPHORUS MG/24 HOUR
Phcycl,PHENCYCLIDINE
Phen-U,PHENOBARBITAL
Phency,PHENCYCLIDINE-PCP (co 4ng/g)
Phency,PHENCYCLIDINE
Phency,PHENCYCLIDINE; UMBILICAL CORD
Pheno,PHENOBARBITAL (co 75ng/g)
Pheno1,PHENOBARBITAL
Phente,PHENTERMINE (co 8ng/g)
Phnt-U,PHENTERMINE
Phnyln,PHENYLALANINE
Phos,PHOSPHORUS INORGANIC
Phtz,PHENOTHIAZINES
PigWd,PIGWEED IgE
Pip,PIPERACILLIN
Pistch,PISTACHIO IgE
PkNrSc,PURKINJE CELL/NEURONAL IgG SCREEN
PlNorP,PT POOL NORMAL
PlTime,PLATE TIME
PlatM,RECEIVED PLATED ON:
PldLy,PLASMATOID LYMPHS
PlsHem,HEMOGLOBIN PLASMA
PlsmCl,PLASMA CELLS
Plt-Ct,PLATELET COUNT
PltAbI,INDIRECT PLATELET AB
PltAgE,PLATELET AGGREGATION EVAL
PltAsp,PLATELET FUNCTION ASPIRIN
PltBase,PLATELET FUNCTION BASE
PltEvl,PLATELET FUNCTION EVAL
PltP2Y,PLATELET FUNCTION P2Y12
PltSuf,PLATELET SUFFICIENCY
PneuAb,PNEUMOCOCCAL AB
PntIgE,PEANUT IGE
PoMCu1,POS. CULT. MEDIA( 1)
PoMCu2,POS. CULT. MEDIA( 2)
Poik,POIKILOCYTOSIS
Poly,POLYCHROMASIA
PoolNP,PTT POOL NORMAL
PorInt,PORPHYTIN INTERPRETATION
PorInt,PORPHYRINS TOTAL INTERP
Pork,PORK IgE
PorphU,PORPHYRINS URINE
Potato,POTATO IgE
Ppa-U,PHENYLPROPANOLAMINE
Pr24Hr,PROTEIN /24 HOUR
Pralb,PREALBUMIN
Pralbu,PREALBUMIN BLOOD
PrgMot,PROGRESSIVE MOTILITY
Prmz-U,PROMETHAZINE
ProIns,PROINSULIN
ProMon,PRO-MONOCYTES
ProSer,TOTAL PROTEIN SERUM
ProTim,PROTHROMBIN TIME
Proc,PROCAINAMIDE (& NAPA)
Prog-R,PROGESTERONE RAPID
Prolac,PROLACTIN
Prolne,PROLINE
PromBC,PROMYELO %
Promyl,PROMYELO %
Propox,PROPOXYPHENE
Propx,PROPOXYPHENE (co 10ng/g)
ProtU,PROTEIN URINE
ProtUr,TOTAL URINARY PROTEIN
Prpxyp,PROPOXYPHENE
Pschol,PSEUDOCHOLINESTERASE TOTAL
Pscnzl,POSACONAZOLE
Pteron,D. pteronyssinus IgE
PtiIgA,PHOSPHATIDYLINOSITOL IgA
PtiIgG,PHOSPHATIDYLINOSITOL IgG
PtiIgM,PHOSPHATIDYLINOSITOL IgM
Ptn,PHENYTOIN (DILANTIN)
PtnUn,FREE PHENYTOIN
PtsIgA,PHOSPHATIDYLSERINE IgA
PtsIgG,PHOSPHATIDYLSERINE IgG
PtsIgM,PHOSPHATIDYLSERINE IgM
Pyruva,PYRUVATE
Q209L,GNA11c.626A>T(Q209L)
Q209P,GNA11c.626A>C(Q209P)
Q209R,GNAQ c.626A>G(Q209R)
Q546E,PIK3CA c.1636C>G(Q546E)
Q546K,PIK3CA c.1636C>A(Q546K)
Q546L,PIK3CA c.1637A>T(Q546L)
Q546P,PIK3CA c.1637A>C(Q546P)
Q546R,PIK3CA c.1637A>G(Q546R)
Q59P,MEK1 c.167A>C(Q56P) Mutation
Q61HM,KRAS c.183A>T(Q61H)
Q61KM,KRAS c.181C>A(Q61K)
Q61LM,KRAS c.182A>T(Q61L)
Q61RM,KRAS c.182A>G(Q61R)
QAComm,QA COMMENT
QMG-NL,QUANTIFERON MITOGEN(-)NIL
QT3,TRIIODOTHYRONINE; TOTAL
QTB-NL,QUANTIFERON TB(-)NIL
QtfGld,QUANTIFERON GOLD
QtfNIL,QUANTIFERON NIL
Quant,QUANTITY (ML)
Quinid,QUINIDINE
R-ATgG,R/ATG IGG
R-ATgM,R/ATG IGM
R-BC2,BCL-2  RESULT
R-BGR,RESULT
R-C28,C282Y RESULT
R-CAD,RESULT
R-CFT,RESULT
R-CML,RESULT
R-CST,RESULT
R-FL3,RESULT
R-FVM,FACTOR  V MUTATION RESULT
R-FXM,RESULT
R-H63,RESULT FOR H63D
R-HCP,RESULT
R-HHC,RESULT
R-HP2,RESULT
R-HTP,RESULT
R-IGR,B CELL GENE REARRG
R-JK2,RESULT
R-LPA,LIPOPROTEIN A
R-MSI,RESULT
R-PT2,PT2 MUTATION RESULT
R-PVB,PARVOVIRUS B-19 DNA
R-TCC,T CELL GENE REARRNG
R-V6A,BRAF PCR RESULT
R/F,RHEUMATOID FACTOR
R1595,PTEN c.477G>T(R159S)
R233,PTEN c.697C>T(R233X)
R233R,PTEN c.697C>A(R233R)
R233X,PTEN c.697C>T(R233X)
RAST,RAST
RBC,RBC
RBC/WB,WHOLE BLOOD
RBCE,RBC COMMENTS
RBCFol,RBC FOLATE
RBCMor,RBC MORPHOLOGY
RBFol,FOLATE RBC
RCCD33,RECIPIENT CD33 DETECT
RCPCD3,RECIPIENT CD3 DETECT
RCPDNA,RECIPIENT DNA DETECTED
RDW,RDW
RDWSD,RDWSD
REACLL,REASONED CALLED
REASON,REASON FOR REQUEST
RESHUN,RESULT
RETHE,RETIC HGB EQUIV
RF,RHEUMATOID FACTOR
RFLMET,RFL METHOD
RGEIA,RUBELLA IGG AB
RH,RH
RIGG,RUBELLA IGG AB
RITO,RITONAVIR
RLab,REFERRAL LAB
RNART,RNA-REAL TIME PCR
RNPAb,U1 SNRNP AUTOABS EIA
RNPENA,RNP (ENA); IGG
RPR,RPR QUALITATIVE
RPR-Q,RPR QUANTITATIVE
RRISK,RELATIVE RISK
RSA,RAPID STREP A
RSVA,RSV A
RSVAg,RSV AG EIA
RSVAng,RSV AG
RSVB,RSV B
RSVCom,RSV EXPLANATION
RSVFA,RSV FA
RSVFRs,CULTURE RESLT FINAL
RSVPRs,RSV CULT RESLT PRELM
RSmVsc,RELATIVE SERUM VISCOSITY
RT-pt,PATIENT (RT)
RTIME,REACTION TIME
RVAgRs,ROTAVIRUS AG (EIA)
RVVT,DRVVT
RabGG,RABBIT IGG
RacFid,COLLECTOR ID
RatK/L,RATIO (KAPPA/LAMBDA) URINE
Ratio3,UREA NIT/CREATININE
Ratio4,ALB/(PROTEIN-ALB)
RdBck,READ BACK
Rec%,PERCENT RECOVERY
Reduci,REDUCING SUBSTANCES FECES
RefR,REFERENCE RANGE
RenAct,RENIN ACTIVITY
RenalP,RENAL PROFILE
Repgld,REPAGLINIDE
ResFSH,RESULT (FSH)
ResLH,RESULT (LH)
ResPrl,FINAL RESULT
Result,RESULT (HGH)
RetAbs,RET ABS
RetIgA,RETICULIN IGA AUTOABS
RetIgA,RETICULIN AB; IgA SCREEN
RetPal,RETINYL PALMINATE
RetiCt,RET CT
RetigA,RETICULIN AB; IgA SCREEN
RetigA,RETICULIN IGA AUTOABS
RfsX9,PTEN c.800delA(K267fs*9)
RfxADD,REFLEX ADDED
Rgweed,COMMON/SHORT RAGWEED IgE
RhgVil,RHIG DOSE
Rhinov,RHINOVIRUS
Rhizo,RHIZOPUS NIGRICANS IgE
Rice,RICE IgE
Rifamp,RIFAMPIN
RisCof,RISTOCETIN COFACTOR
Ristoc,RISTOCETIN
RoCell,ROUND CELLS
RpSt8,REPORT STATUS
RpStM,REPORT STATUS
RptRes,REPORTED RESULT
RrkIgG,R.RICKETTSII IGG ABS
RrkIgM,R.RICKETTSII IGM ABS
Rslt,RESULTS
RtyIgG,R.TYPHI IGG ANTIBODIES
RtyIgM,R.TYPHI IGM ANTIBODIES
RuGExp,RUBELLA EXPLANATION
RuIgG,RUBELLA AB IGG
Rub-Ab,RUBELLA AB SCREEN
RubelG,RUBELLA IGG ABS
RubelM,RUBELLA IGM ABS
Rufin,RUFINAMIDE
RusThs,RUSSIAN THISTLE IgE
Rye,RYE IgE
RyeGrs,RYE GRASS IgE
S-Acet,SERUM ACETONE
S-Cl,CHLORIDE FECAL
S-PotR,POTASSIUM FECAL
S-Pota,POTASSIUM STOOL
S-SodR,SODIUM FECAL
S-Sodi,SODIUM STOOL
S-pH,PH STOOL
SA-Agg,AGGLUTINATION
SA-Vol,VOLUME
SA-pH,PH
SAConc,SPERM CONCENTRATION
SAD,SAMPLE ADEQUACY
SALiqu,LIQUEFACTION
SAMIGG,SMA IgG Titer
SAMP1,SAMPLE 1
SAMP2,SAMPLE 2
SAMP3,SAMPLE 3
SAQ,SAQUINAVIR
SATlCt,TOTAL SPERM COUNT
SAViab,VIABILITY
SAVisc,VISCOSITY
SAWBC,WBC COUNT
SAurPb,STAPH AUREUS AMP PROBE
SBT,B-CIDAL TITER
SCHI,SCHISTOCYTES
SCort,SOURCE (CORT.)
SEDATI,SEDATIVES; UMBILICAL CORD
SGBF,SPECIFIC GRAVITY BF
SGOT,AST BLOOD
SGPT,ALT BLOOD
SICK,SICKLE CELLS
SIDE,SIDEROCYTES
SIT,INHIB TITER
SITESM,SITE
SMAb,SM (SMITH) AUTOABS EIA
SMFC,SOLID MASS FNA CYTO
SMIG,MONOCLONAL IG M-SPIKE
SMUD,SMUDGE CELLS
SNbR,SUPPLEMENTAL NB SCRN
SOURCE,SPECIMEN SOURCE
SPC,SPUTUM CYTO
SPEC1,RFL SPECIMEN 1
SPEC2,RFL SPECIMEN 2
SPEInt,SPE/IFE INTERPRETATION
SPHE,SPHEROCYTES
SPSOUR,SPECIMEN SOURCE
SPTS,SPECIMEN TYPE/SITE
SPnT1,S. PNEUMO TYP 1 IGG
SSAIgG,SSA (Ro)(ENA) Ab; IgG
SSAb-A,SS-A/RO AUTOABS EIA
SSAb-B,SS-B/LA AUTOABS EIA
SSBIgG,SSB (La)(ENA) AB; IgG
STAV,STAVUDINE
STIMUL,STIMULANTS; UMBILICAL CORD
STRPSC,STREPTOZYME SCREEN
STRPTR,STREPTOZYME TITER
STST,STOOL FOR WBC STAIN
STYP,SPECIMEN TYPE
SU-CA,CALCIUM URINE
SU-CL,CHLORIDE URINE "SPOT"
SU-CTR,CITRATE RANDOM URINE
SU-Cre,CREATININE  URINE
SU-Glu,GLUCOSE URINE QUAL "SPOT"
SU-K,POTASSIUM URINE SPOT
SU-Mer,MERCURY RANDOM URINE
SU-Na,SODIUM URINE SPOT
SU-Osm,OSMOLALITY URINE SPOT
SU-Pos,PHOSPHORUS URINE SPOT
SU-Pro,PROTEIN URINE SPOT
SU-Urc,URIC ACID URINE
SU-Ure,UREA NITROGEN UR SPOT
SUA/C,ALBUMIN/CREATININE RATIO
SUCCA,SUCCINIC ACID
SUCrea,CREATININE URINE "SPOT"
SVscPt,PATIENT (SV)
SXT,SULFA TRIMETHOPRIM
Sagebr,SAGEBRUSH IgE
Sal,SALICYLATE BLOOD
SalS,SALICYLATES SERUM
Salicy,SALICYLATES
Salmon,SALMON IgE
Scallp,SCALLOP IgE
ScanCh,SPEP BLOOD H
Schd,SCHEDULE Q HR
Schist,SCHISTOCYTES
SclAb,SCL-70 AUTOABS EIA
ScrasT,SUCRASE; TISSUE
Secob,SECOBARBITAL (co 75ng/g)
SedRat,SED RATE
Selen,SELENIUM
Sensi,SENSITIVITIES
SentTo,REFERRAL LAB
Seph-U,PSEUDOEPHEDRINE
SerFol,FOLATE SERUM
Serine,SERINE
Serotn,SEROTONIN BLOOD
Sezar,SEZARY CELL PREP
ShpSrl,SHEEP SORREL IgE
Shrimp,SHRIMP IgE
Sickle,SICKLE-LIKE CELLS
Sig,CLIN SIGNIF ABS
Sirol,SIROLIMUS (RAPAMUNE)
SkainC,SKIN AUTOABS INTERCELL
Sm-pH,PH
SmC1,SMEAR CELLS(CONT1)RT
SmCe,SMEAR CELLS
SmO1,SMEAR ORGS.(CONT1)RT
SmOgm,SMEAR ORGANISMS
SmXRs1,SAMPLE X; RESULT 1
SolI2R,SOL INTERLEUKIN2 RECEPTOR
SolTsf,SOLUBLE TRANSFERRIN RECPT
SomatC,SOMATOMEDIN C
SouAld,SOURCE
SouPRA,SOURCE
Sour34,SOURCE - STEM CELL
SourBT,B & T CELL SOURCE
SourCu,SOURCE
SourDA,SOURCE
SourFC,B & T CELL SOURCE
SourId,SOURCE
SourcC,SOURCE
Source,SPECIMEN SOURCE
Soyben,SOYBEAN IgE
SpC&S,CULT BACT SPUTUM
SpCmmt,SPECIMEN COMMENT
SpSent,SPECIMEN SENT TO:
SpTyp,SPECIMEN TYPE
Specim,SPECIMEN TYPE
Sphero,SPHEROCYTOSIS
Spic,SPICULATED RBC'S
SpnInt,S. PNEUMO INTERPRETATION
SpnT12,S. PNEUMO TYP 12F IGG
SpnT14,S. PNEUMO TYP 14 IGG
SpnT18,S. PNEUMO TYP 18C IGG
SpnT19,S. PNEUMO TYP 19F IGG
SpnT23,S. PNEUMO TYP 23F IGG
SpnT3,S. PNEUMO TYP 3 IGG
SpnT4,S. PNEUMO TYP 4 IGG
SpnT5,S. PNEUMO TYP 5 IGG
SpnT6,S. PNEUMO TYP 6B IGG
SpnT7,S. PNEUMO TYP 7F IGG
SpnT8,S. PNEUMO TYP 8 IGG
SpnT9,S. PNEUMO TYP 9N IGG
SpnT9V,S. PNEUMO TYP 9V IGG
SpuScr,SPUTUM SCREEN
Src-CB,SOURCE CORD GAS
Stem3,CD3+
StemID,Stem Cell Specimen ID
Stier,STIER HOUSEDUST
Stip,BASOPHILIC STIPPLING
StnAnl,STONE ANALYSIS
StnCmp,STONE COMPOSITION
StnWgt,STONE WEIGHT
Stom,STOMATOCYTES
StrMsc,STRIATED MUSCLE AB
Strepz,STREPTOZYME
Striat,STRIATIONAL AUTOABS
Strong,STRONGYLOIDES IGG ABS
SulfAA,SULFATIDE ATUOANTIBODIES
SulfUr,SULFONYLUREA
Sulfat,SUFATIDASE URINE
SwtGum,SWEET GUM TREE
SwtRng,REF RANGE SWEAT CHLORIDE
SyAppr,APPEARANCE SYN FLD
SyMClt,MUCIN CLOT
SyMnCl,MONONUCLEAR CELLS SYN FLD
SyNuc,NUCLEATED CELLS SYN FLD
SyPoLt,POLARIZED LIGHT SYN
SyRBC,RBC SYNOVIAL FLUID
SySeg,SEGMENTED CELLS
SySpGr,SPECIFIC GRAVITY BF
SyVLCl,VERY LARGE CELLS
SyWBC,WBC (/CU MM)
Sycmre,SYCAMORE TREE IgE
T&S,TYPE AND SCREEN
T-Carn,CARNITINE TOTAL
T3-UP,T UPTAKE
T3-UPT,T3 UPTAKE
T3FRE,TRIIODOTHYRONINE FREE
T4Scrn,T4 SCREEN
TARG,TARGET CELLS
TBExp,TB lot expiration date
TBInj,TB date injected
TBLT,TOTAL BLASTS
TBLot,TB lot number
TBRead,TB date result read
TBSize,TB skin test size
TBTest,TB test result
TBil,BILIRUBIN TOTAL BLOOD
TC:HDL,TC:HDL RATIO
TCDNA,T-CELL GENE REARRANG
TCIace,Absolute CD8
TCIcda,Absolute CD3
TCIcde,% CD8
TCIcdr,CD4:CD8 Ratio
TCIcdt,% CD3
TCIinn,Interpretation
TCRG,T-CELL RCPTR GAMMA REARNG
TCRGM,TCRG METHOD
TEARD,TEAR DROP CELLS
TEGNR,TEG NORMAL RANGES
TEMA,TEMAZEPAM
TEMP,STORAGE TEMPERATURE
TENV,TENOFOVIR
TGG,TOTAL GAMMA GLOBULIN
TH/S,HELP/SUPP w/CBC
THC-U,CARBOXY-THC
THCCon,THC CONFIRMATION
THM,TOTAL HEMOGLBIN
TI2,TECH INITIALS
TIBC,TIBC BLOOD
TIGIgG,IgG TISS TRNSGLUTAMIN AB
TIPRA,TIPRANAVIR
TLCD4,HELPER CD4 w/CBC
TOXDAU,DRUG PROFILE TOXICOL
TOXG,TOXIC GRANULATION
TPMT,TPMT ENZYME RESULT
TProSe,PROTEIN TOTAL BLOOD
TProt,PROTEIN TOTAL BLOOD
TRPI,TROPONIN-I
TRefA,TOBR REFERENCE RANGE
TSH,THYROID STIM HORMONE
TSHRcp,TSH RECEPTOR AB (TRAB)
TSI-3rd,TSH-3RD GENERATION
TSI-IG,THYROID STIM IG
TSI-QL,TSI QUALITATIVE
TSI-QN,TSI QUANTITATIVE
TSTCLL,TEST CALLED
TSWt,STOOL WEIGHT
TSptTB,T-SPOT TB TEST
TT-pt,PATIENT (TT)
TT4,TOTAL T4
TTAIgA,IgA TISS TRNSGLUTAMIN AB
TTcont,CONTROL (TT)
TU-Ars,ARSENIC 24 HR URINE
TU-CL,CHOLORIDE URINE TIMED
TU-CPU,COPPER 24HR URINE
TU-CTU,CITRATE 24 HOUR URINE
TU-Ca,CALCIUM URINE TIMED
TU-Cre,CREATININE 24HR URINE
TU-K,POTASSIUM URINE TIMED
TU-Led,LEAD 24 HR URINE
TU-MAG,MAGNESIUM 24 HR URINE
TU-MER,MERCURY 24 HR URINE
TU-Na,SODIUM URINE TIMED
TU-OSM,OSMOLALITY URINE TIMED
TU-OXU,OXALATE 24 HR URINE
TU-Pho,PHOSPHORUS URINE TIMED
TU-Pro,PROTEIN URINE TIMED
TU-Urc,URIC ACID URINE TIMED
TU-Ure,UREA NITROGEN URINE TIMED
TU-ZNC,ZINC 24 HOUR URINE
TUAlb,ALBUMIN URINE TIMED
TUCrea,CREATININE URINE "TIMED"
TULIgG,FRANCISELLA TULARENIS IgG
TULIgM,FRANCISELLA TULARENIS IgM
TV,TOTAL VOLUME
TVol1,TOTAL VOLUME
TVol2,TOTAL VOLUME
Tapent,TAPENTADOL (co 2ng/g)
Target,TARGET CELLS
Taurin,TAURINE
TcACon,TRICYCLICS CONF
Tcar,TICARCILLIN
TdT-FC,TdT ANTIBODY-FLOW
Tegret,CARBAMAZEPINE (TEGRETOL)
Temaze,TEMAZEPAM (co 5ng/g)
TesBav,TESTOSTRN BIOAVAILABLE
TesFF,TESTERONE FREE FEMALE
TesFF,TESTOSTERONE FREE FEMALE
Tesbio,TESTOSTRN LC-MS BIO
Test%F,TESTOSTERONE % FREE
TestAM,TESTOSTERONE ADULT MALE
TestBG,SEX HORMONE BIND GLOBULIN
TestFC,TESTOSTERON FEMALE/CHILD
TestFr,TESTOSTERONE FREE
Testos,TESTOSTERONE
TetTox,TETANUS TOXOID IGG ABS
Teta,TETRACYCLINE
ThC&S,CULT BACT THROAT
Theo,THEOPHYLLINE
Thiamn,VITAMIN B1
Thiopr,THIOPURINE METHYLTRANSFERASE
Threon,THREONINE
Thy%Rc,THYROGLOBULIN AB % RECOVERY
ThyAb,THYROID ANTIBODIES
ThyBGl,THYROID BINDING GLOB
Thyg2G,THYROGLOBULIN 2ND GENERATION
ThygAB,THYROGLOBULIN AB
ThyrAB,THYROGLOBULIN AB
Thyrgb,THYROGLOBULIN SERUM
ThyroB,THYROXINE BIND GLOBULIN
Thyrox,THYROXINE (T4) FREE
Tim,TIMENTIN
TimGrs,TIMOTHY GRASS IgE
TimeC,TIME COLLECTION STARTED
TmLDos,TIME OF LAST DOSE
TmRcLb,TIME RCD VIROL LAB
Tobr,TOBRAMYCIN
Tobra1,TOBRAMYCIN LEVEL
Tolbtm,TOLBUTAMIDE
Tolzmd,TOLAZAMIDE
Toprmt,TOPIRAMATE
Tot-Wt,TOTAL WEIGHT
TotAmy,AMYLASE TOTAL
TotCat,TOTAL CATS EPI & NOR
TotIgG,TOTAL IGG
TotMot,TOTAL MOTILITY
TotVl,TOTAL VOLUME
TotVol,TOTAL VOLUME
Total#,TOTAL # FLOW MARKERS
ToxAC,TOXOPLASMA AC
ToxAEL,TOXOPLASMA IGA ELISA
ToxDyT,TOXOPLASMA DYE TEST IGG
ToxGrn,TOXIC GRANULATION
ToxHS,TOXOPLASMA HS
ToxIgE,TOXOPLASMA IGE
ToxIso,TOXOPLASMA ISOLATION
ToxMEL,TOXOPLASMA IGM ELISA
ToxMIS,TOXOPLASMA IGM ISAGA
Toxo-C,TOXOPLASMA COMMENT
Toxo-G,TOXOPLASMA IGG
Toxo-M,TOXOPLASMA IGM
TprMtb,THIOPURINE METABOLITES
Tramad,TRAMADOL (co 2ng/g)
Traz-U,TRAZODONE
Triazo,TRIAZOLAM (co 5ng/g)
Tricy,TRICYCLICS (SCREEN)
Trigs,TRIGLYCERIDES BLOOD
Trip-U,TRIMETHOPRIM
Trnsfr,TRANSFERRIN BLOOD
TroPk,TROUGH OR PEAK
TropnI,TROPONIN-I
TropnT,TROPONIN T
Trout,TROUT IgE
Tryphn,TRYPTOPHAN
Trypt,TRYPTASE
TspltS,TRANSPLANT VIRAL STUDIES
TstFAM,TESTOSTERONE FREE ADULT MALE
TstNm1,TEST NAME 1
TstNm2,TEST NAME 2
TstNm3,TEST NAME 3
TstNm4,TEST NAME 4
TstPed,TESTOSTERONE TOTAL (PEDS)
TstSnt,TEST SENT
TstTAM,TESTOSTERONE TOTAL ADULT MALE
Tul-Ab,TULAREMIA ANTIBODY
Tuna,TUNA IgE
Turkey,TURKEY IgE
Tva,TROVAFLOXACIN
Tx-Fol,FLOW TRANSPLANT FOLLOW UP
TxBase,FLOW TRANSPLANT BASELINE
TxCIgA,TOXOCARA IGA ABS
TxCIgG,TOXOCARA IGG ABS
TxCIgM,TOXOCARA IGM ABS
Type-A,A-RAPID LINEAR
Type-B,B -SLOW OR NON-LINEAR
Type-C,C -NON-PROGRESSIVE
Type-D,D -IMMOTILE
Tyrosn,TYROSINE
Tzp,TAZOBACTAM/PIPERACIL
U-Aldo,ALDOSTERONE URINE
U-Ca,CALCIUM URINE
U-Cadm,CADMIUM URINE
U-CatT,CATECHOLAMINES UR TOTAL
U-Cl,CHLORIDE URINE
U-Crea,CREATININE URINE
U-D-Xy,DXYLOSE ABS UR
U-Dopa,DOPAMINE; UR
U-Homo,HOMOCYST(E)INE ULTRAQ UR
U-K,POTASSIUM URINE
U-Lead,LEAD (24 HR UR)
U-MHis,METHYL HISTAMINE URINE
U-Merc,MERCURY (24 HR UR)
U-Mets,NOR + METANEPH TOT U
U-Myog,MYOGLOBIN URINE RANDOM
U-Na,SODIUM URINE
U-Orga,ORGANIC ACID URINE
U-Osmo,OSMOLALITY UR
U-Oxal,OXALATE URINE 24 HR
U-Phos,PHOSPHORUS URINE
U-Porp,PORPHYRINS URINE
U-Preg,PREGNANCY TEST URINE
U-UrcA,URIC ACID URINE
U-Urea,UREA NITROGEN URINE
U-ZNC,ZINC URINE
U5HIAA,5-HIAA
UA,URINALYSIS
UA1G,ALPHA-1 GLOBULIN
UA24Hr,URIC ACID MG/24 HOUR
UA2G,ALPHA-2 GLOBULIN
UABM,ALBUMIN
UAlb,ALBUMIN URINE
UAmorp,AMORPHOUS MATERIAL
UArsen,ARSENIC (24 HR UR)
UBG,BETA GLOBULIN
UBact,BACTERIA
UBdYst,BUDDING YEAST
UBili,BILIRUBIN
UBlood,BLOOD
UBupIn,BUPRENORPHINE INTERP
UC,URINE CYTO
UCFU,UREA URELYT CFU
UCGCst,COARSE GRAN CAST
UCalOx,CALCIUM OXALATE CRYSTALS
UCath,CATHETERIZED
UChar,CHARACTER
UClCst,CELLULAR CAST
UClPSc,CLINITEST (PED SCR)
UColor,COLOR
UCysti,CYSTINE 24 HR QUANT
UELC,ELECTROPHORESIS
UEPCst,EPITHELIAL CAST
UEpin,EPINEPHRINE URINE
UFCgCr,URINE FREE CORT/G CREAT
UFCort,CORTISOL
UFGCst,FINE GRAN CAST
UGluc,GLUCOSE URINE
UGrCst,GRANULAR CAST
UHgMy,MYOGLOBIN UR
UHgb,HEMOGLOBIN URINE
UHyCst,HYALINE CAST
UKapLC,KAPPA LIGHT CHAINS URINE
UKeto,KETONE URINE
ULamLC,LAMBDA LIGHT CHAINS URINE
ULuEst,LEUKOCYTE ESTERASE
UMIG,MONOCLONAL IG M-SPIKE
UMicX,URINE MICRO EXAM
UMsCry,MISC CRYSTALS
UMucus,MUCOUS
UNitri,NITRITE
UPblgQ,PORPHOBILINOGEN 24HR UR
UProSD,SUMMED UR PROTEIN/DAY
UProt1,PROTEIN URINE
UProtS,SUMMED URINE PROTEIN
URBC,RBC URINE MICRO
URBCst,RBC CAST
URCRE,CREATININE URINE
UReEpi,RENAL EPITHELIAL
USpGr,SPECIFIC GRAVITY UA
USqEpi,SQUAMOUS EPITHELIAL
USulCy,SULFA CRYSTALS
UTP,TOTAL PROTEIN URINE
UTPCry,TRIPLE PHOSPHATE CRYSTALS
UTrich,TRICHOMONAS
UUACry,URIC ACID CRYSTALS
UUnspn,UNSPUN
UUroCk,UROBILINOGEN CHECK
UUrob,UROBILINOGEN
UWBC,WBC URINE MICRO
UWBCC,WBC CLUMP
UWBCst,WBC CAST
UWxCst,WAXY CAST
Ubact,BACTERIA
Un24Hr,UREA NITROGEN G/24 HOUR
UnBili,UNCONJUGATED BILI
Unit1,UNITS 1
Unit2,UNITS 2
Unit3,UNITS 3
Unit4,UNITS 4
Unit5,UNITS 5
UpH,PH URINE
UrC&S,CULT BACT URINE
UrLEU,LEUKOCYTES
UrPro,PROTEIN URINE
Urea4,MYCO/UREAPLASMA CULTURE
UreaCC,UREAPLASMA COLONY COUNT
UricA,URIC ACID BLOOD
UrobUr,UROBILINOGEN
Urop,UROPORPHYRINS
Uropor,UROPORPHYRIN
Urso,URSODEOXYCHOLIC ACID
Uurob,UROBILINOGEN
V-SRCE,SPECIMEN SOURCE
V-ZExp,EXPLANATION
V-ZIgG,V-Z AB IGG IFA
V600D,BRAF c.1799_1800TG>AT
V600E,BRAFc.1799T>A(V600E)
V600G,BRAFc.1799T>G (V600G)
V600K,BRAFc.1798_1799GT>AA
V600M,BRAFc.1798G>A(V600M)
V600R,BRAFc.1798_1799GT>AG
VAGR,VACUOLATED GRANS
VCAP-G,EB CAPSID ANTGN IgG
VCAP-M,EB CAPSID ANTGN IgM
VCommt,COMMENT
VComnt,COMMENT
VCultB,V Cult Blood Prelim
VCultF,V Cult Blood Final
VD25,VITAMIN D 25-OH
VDRLtr,VDRL TITER
VIAB,VIABILITY
VIP,VASOACTIVE INTEST PEPTIDE
VMA,VANILLYL MAN ACID
VMACrt,VMA MG/G CREAT
VMAItp,VMA Interpretation
VMAgCr,VANILLYL MAN/G CREAT
VMAmgD,VMA MG/Day
VMI,VAGINAL MATURE INDEX
VPreRs,PRELIMINARY RESULT
VRFnRs,FINAL RESULT
VSC,VAGINAL SMEAR CYTO
VSE,VAGINAL SMEAR EVAL
VSTReq,TEST REQUESTED
VSourc,SOURCE
VUC,VOIDED URINE CYTO
VWF-MA,VON WILLEBRAND MULTIMERS
VWFAg,VWF ANTIGEN
VWMF8,FACTOR VIII ACTIVITY VWM
VWMFAg,FACTOR AG VWM
VWPINT,VON WILLEBRAND INTERP
VZ-EIA,V-Z EIA RESULT
VZ-IFA,V-Z IGG AB IFA
VZ-IgM,VZV IGM ABS
VZ-Imm,VARICELLA-ZOSTER IMM
VZAG-FA,V-Z AG BY FA
VZExp1,V-Z EIA EXPLANATION
VZExp2,V-Z IFA EXPLANATION
VZGEIA,V-Z IGG AB EIA
VZGExp,V-Z EXPLANATION
VZIgG,V-Z AB IGG EIA
VZMeth,METHOD
VZVPCR,VZV DNA PCR
Val-U,VALPROATE
Valine,VALINE
Valn,VALINE
ValpA,VALPROIC ACID FREE
Vanc,VANCOMYCIN
Vanco1,VANCOMYCIN LEVEL
Vflx-U,VENLAFAXINE
Vi-B12,VITAMIN B-12
ViARet,VITAMIN A (RETINOL)
VirlAb,VIRAL ASSAY
VisH2O,WATER (SV)
Vit-K,VITAMIN K
VitB12,VITAMIN B12
VitB1P,VITAMIN B1 (THIAMINE); PLASMA
VitC,VITAMIN C
VitD1,25 OH VITAMIN D
VitD2,1;25 DI-OH VIT. D
VitEAl,VIT E(ALPHA-TOCOPHEROL)
VitEGm,VIT E(GAMMA-TOCOPHEROL)
VitaB2,VITAMIN B2
VitaB6,VITAMIN B6
VitaB7,VITAMIN B7 (BIOTIN)
Volum,TOTAL VOLUME
Vorcon,VORICONAZOLE
VrComm,COMMENT
VrSorc,SOURCE
VrlSrc,SOURCE
VtAInt,VITAMIN A INTERPRETATION
WBC,WBC
WBCCnt,#  WBC'S COUNTED
WBCE,WBC COMMENTS
WBCrt,ED CREATININE WBLD
WBINR,ED INR WBLD
WBTrpI,ED TROPONIN-I WBLD
WNVPCR,WEST NILE VIRUS RNA  RT-PCR
WNVPCR,WEST NILE VIRUS RNA RT-PCR
WPV,WET PREP VAGINAL
Wheat,WHEAT IgE
WhtAsh,WHITE ASH TREE IgE
WhtMul,WHITE MULBERRY TREE IgE
Whtfsh,WHITEFISH IGE
Willow,WILLOW TREE IgE
WlntTr,WALNUT TREE IgE
WnutE,WALNUT; ENGLISH (BLACK) IgE
WritSt,STAIN WRIGHT'S
WtSwt,WEIGHT OF SWEAT
YEAST,ALLERGEN; BAKER/BRWRS YST
YEAST,BAKERS/BREWERS YEAST IgE
YEIgA,YERSINIA ENTERCOLITICA IgA AB
YEIgG,YERSINIA ENTERCOLITICA IgG AB
Yeast,BAKERS/BREWERS YEAST IgE
Yeast,ALLERGEN; BAKER/BRWRS YST
ZAL,ZALCITABINE
ZID,ZIDOVUDINE
ZPp,ZINC PROTOPORPHYRIN
Zinc,ZINC SERUM
ZncGCr,ZINC URINE/gCREAT
Zolpi,ZOLPIDEM (co 10ng/g)
Zonisa,ZONISAMIDE
aalter,A. alternatas IgE
carrot,CARROT IgE
confET,GC/MS ETHCHLORVYN CONFIRM
igh,IgH GENE REARRANGEMENT
mOHBen,M-OH-BENZOYLECGONINE (co 8ng/g)
mecA,METHICILLIN RESISTANCE STAPH A
micr1,MIC #1 RESULT
micr2,MIC #2 RESULT
micr3,MIC #3 RESULT
pC02-V,PCO2 VENOUS
pCO2,PCO2 ARTERIAL
pCO2CB,PCO2 CORD GAS
pH,PH ARTERIAL
pH-CB,PH CORD GAS
pH-Ven,VENOUS PH
pHCaIo,PH (BLOOD GAS)
pO2,PO2 ARTERIAL
pO2-CB,PO2 CORD GAS
pO2-V,PO2 VENOUS
pO2/FI,PO2/FIO2
pO2/PA,PO2/PA02
prtPCR,B. PERTUSSIS DNA PCR
rcFIO2,RESP CARE FIO2
rcFlow,RESP CARE LITER FLOW
rcSpO2,RESP CARE SPO2
